code,name,market,E_GRADE,S_GRADE,G_GRADE,ESG_GRADE,name_en,industry,industry_en,number_of_patents,activity_index,attractivity_index,level_index,Y_Change,Y_TA
000660,SK하이닉스,KOSPI,4,1,2,3,SK hynix,전기전자,Electrical_Electronic_Equipment,0.8275862068965518,0.00021229458676526173,0.0011770590422811634,4.249137296192189e-06,-24.8,426369277489.0689
035420,NAVER,KOSPI,2,3,1,2,NAVER,서비스업,Services,0.008045977011494254,0.0059728018588922245,0.0226227523197814,1.9783121107271603e-06,-40.09720534629405,224665286374.49396
005380,현대차,KOSPI,3,2,1,2,HyundaiMotor,운수장비,Transport_Equipment,0.019540229885057474,0.0002885968883029465,0.0007272930990996323,3.2176438221165486e-06,-26.722338204592894,145027293931.1741
006400,삼성SDI,KOSPI,4,3,2,4,"SAMSUNG SDI CO.,LTD.",전기전자,Electrical_Electronic_Equipment,0.7323116219667944,0.00022711696157300218,0.0013716665748470718,9.691420028815154e-06,-16.909620991253643,185412389295.54657
068270,셀트리온,KOSPI,8,7,3,7,Celltrion,의약품,Medical_Supplies,0.0,0.0,0.0,0.0,-32.33189666773038,132142069829.7166
028260,삼성물산,KOSPI,2,1,1,2,SAMSUNG C&T CORPORATION,유통업,Distribution,0.0007662835249042147,0.16320210405645538,0.0,8.174970667674102e-06,-10.948905109489052,36811110819.83806
005490,POSCO,KOSPI,3,2,1,2,POSCO Holdings Inc.,철강금속,Iron_Metal_Products,0.0,0.0,0.0,0.0,-32.56484149855908,110596902603.23886
105560,KB금융,KOSPI,1,2,1,1,KB Financial Group,기타금융,Other_Financial_Companies,0.0,0.0,0.0,0.0,-14.260249554367205,75769418159.31174
055550,신한지주,KOSPI,2,2,1,1,"ShinhanFinancialGroup Co.,Ltd.",기타금융,Other_Financial_Companies,0.0,0.0,0.0,0.0,-7.45721271393643,53233864646.55871
012330,현대모비스,KOSPI,3,1,1,2,HyundaiMobis,운수장비,Transport_Equipment,0.0,0.0,0.0,0.0,-31.26079447322971,60578956659.91903
096770,SK이노베이션,KOSPI,3,2,1,2,SK Innovation,화학,Chemicals,0.06398467432950192,0.0035122457063352613,0.03898948294999659,6.435894744738544e-06,-29.20353982300885,118409697404.8583
034730,SK,KOSPI,2,1,1,1,SK,기타금융,Other_Financial_Companies,0.0,0.0,0.0,0.0,-22.55772646536412,43714163570.850204
015760,한국전력,KOSPI,4,4,1,3,KoreaElectricPower,전기가스업,Electricity_Gas,0.0,0.0,0.0,0.0,-10.06036217303823,42264231264.37247
066570,LG전자,KOSPI,2,2,2,3,LGELECTRONICS,전기전자,Electrical_Electronic_Equipment,0.007790549169859515,4.1494639772494744e-07,2.8543522855462695e-06,2.5825825414356508e-05,-43.66459627329193,133418050346.15384
323410,카카오뱅크,KOSPI,5,3,1,3,KakaoBank Corp.,은행,Banks,0.0,0.0,0.0,0.0,-55.44412607449857,208847298759.1324
010950,S-Oil,KOSPI,3,2,1,2,S-OilCorporation,화학,Chemicals,0.0,0.0,0.0,0.0,5.365853658536586,38173918128.34008
086790,하나금융지주,KOSPI,2,3,1,2,HanaFinancialGroupInc.,기타금융,Other_Financial_Companies,0.0,0.0,0.0,0.0,-14.193548387096774,49850999598.38057
017670,SK텔레콤,KOSPI,2,2,1,2,SKTelecom,통신업,Communication,0.0001277139208173691,0.11466679149025613,0.07474635656788549,1.5395424986203583e-06,-5.045148344560699,61971195101.92712
051900,LG생활건강,KOSPI,3,1,2,2,LG H&H,화학,Chemicals,0.0,0.0,0.0,0.0,-59.47638019351167,60621933983.80567
009150,삼성전기,KOSPI,3,2,1,3,SamsungElectroMechanics,전기전자,Electrical_Electronic_Equipment,0.0,0.0,0.0,0.0,-24.362606232294617,97137616884.6154
000810,삼성화재,KOSPI,2,1,1,2,SamsungFire&MarineInsurance,보험,Insurance,0.0,0.0,0.0,0.0,-9.090909090909092,20871101291.49797
010130,고려아연,KOSPI,6,7,6,6,KoreaZinc,철강금속,Iron_Metal_Products,0.0,0.0,0.0,0.0,13.287514318442154,28883467485.82996
316140,우리금융지주,KOSPI,1,2,1,1,WooriFinancialGroup,기타금융,Other_Financial_Companies,0.0,0.0,0.0,0.0,3.8793103448275854,40450515638.05668
003670,포스코케미칼,KOSPI,3,2,3,3,POSCO CHEMICAL,비금속광물,Non_metallic_Mineral_Products,0.0001277139208173691,0.2311990852009394,0.0,0.0,-21.03448275862069,61198312592.71255
011070,LG이노텍,KOSPI,2,2,1,2,LG Innotek,전기전자,Electrical_Electronic_Equipment,0.41992337164750965,0.00020590908455898505,0.0011750416908832143,8.76769452964294e-06,60.22471910112359,106792679544.5344
036570,엔씨소프트,KOSPI,5,4,2,5,NCsoftCorporation,서비스업,Services,0.0,0.0,0.0,0.0,-52.737226277372265,133805222599.19028
090430,아모레퍼시픽,KOSPI,2,1,1,2,AMOREPACIFIC CORPORATION,화학,Chemicals,0.040740740740740744,0.002710868223968989,0.00547392127616916,4.182935051513034e-06,-45.59686888454012,48348709190.2834
009830,한화솔루션,KOSPI,3,4,4,4,HANWHA SOLUTIONS,화학,Chemicals,0.0,0.0,0.0,0.0,-14.394765539803709,44260665088.8664
024110,기업은행,KOSPI,3,2,3,3,INDUSTRIALBANKOFKOREA,은행,Banks,0.0,0.0,0.0,0.0,-6.571428571428571,14254678342.388664
086280,현대글로비스,KOSPI,2,3,1,2,"HYUNDAIGLOVIS Co.,LTD",운수창고업,Transport_Storage,0.0,0.0,0.0,0.0,-12.23021582733813,24868771961.53846
009540,한국조선해양,KOSPI,3,4,2,3,KOREA SHIPBUILDING & OFFSHORE ENGINEERING,운수장비,Transport_Equipment,0.0,0.0,0.0,0.0,-32.19330855018588,27534653378.94737
011170,롯데케미칼,KOSPI,4,1,2,3,LOTTE CHEMICAL CORPORATION,화학,Chemicals,0.006768837803320563,0.003440085855146333,0.0299442969290516,7.928643867894844e-07,-31.16883116883117,30113126852.22672
251270,넷마블,KOSPI,9,6,3,7,Netmarble Corporation,서비스업,Services,0.0,0.0,0.0,0.0,-47.340823970037455,28009028930.76923
032640,LG유플러스,KOSPI,2,3,1,2,LG Uplus,통신업,Communication,0.001277139208173691,0.286666977967147,0.40436553394882335,8.467637696661832e-06,-15.737704918032788,15955954348.987854
035250,강원랜드,KOSPI,5,4,2,4,"Kangwon Land, Inc.",서비스업,Services,0.0,0.0,0.0,0.0,-4.990757855822551,21010001333.40081
018880,한온시스템,KOSPI,5,6,6,6,Hanon Systems,기계,Machinery,0.030779054916985956,0.008663741485163643,0.1492774798053852,0.9999999999999999,-39.33933933933934,11290260993.157894
010140,삼성중공업,KOSPI,6,5,3,5,SamsungHeavyIndustries,운수장비,Transport_Equipment,0.0,0.0,0.0,0.0,-8.28125,25441490037.076923
047810,한국항공우주,KOSPI,3,3,1,3,KOREA AEROSPACE INDUSTRIES,운수장비,Transport_Equipment,0.0,0.0,0.0,0.0,65.20423600605145,34450512618.21862
034220,LG디스플레이,KOSPI,5,1,3,4,LG Display,전기전자,Electrical_Electronic_Equipment,1.0,0.00021596750128600702,0.0013865328720373364,8.501478572930176e-06,-38.125,59894485279.75709
011790,SKC,KOSPI,3,2,1,3,SKC,화학,Chemicals,0.0,0.0,0.0,0.0,-6.940063091482649,54239576024.2915
021240,코웨이,KOSPI,2,2,4,3,COWAY,서비스업,Services,0.0,0.0,0.0,0.0,-20.97989949748744,12343932887.044537
000720,현대건설,KOSPI,2,2,1,2,HyundaiEngineering&Construction,건설업,Construction,0.0,0.0,0.0,0.0,-29.64984406010774,28703564479.30364
005830,DB손해보험,KOSPI,3,2,1,2,DB INSURANCE,보험,Insurance,0.0,0.0,0.0,0.0,10.108303249097473,9903117834.412956
004020,현대제철,KOSPI,4,2,1,3,HYUNDAI STEEL,철강금속,Iron_Metal_Products,0.0074074074074074086,0.06922774103757348,0.858538863325299,3.0944804222269202e-06,-39.55637707948244,28939568841.295547
011780,금호석유,KOSPI,6,4,2,5,KumhoPetrochemical,화학,Chemicals,0.0,0.0,0.0,0.0,-35.61643835616438,34090071176.11336
271560,오리온,KOSPI,3,5,3,4,ORION,음식료품,Food_Beverages,0.005363984674329502,0.01290614435377468,0.04011072484795832,6.098536980157246e-06,-10.970464135021098,11702273651.012146
000060,메리츠화재,KOSPI,9,7,2,7,Meritz Fire & Marine Insurance,보험,Insurance,0.0,0.0,0.0,0.0,73.75,12541338952.42915
004990,롯데지주,KOSPI,4,3,2,4,Lotte Corporation,기타금융,Other_Financial_Companies,0.0,0.0,0.0,0.0,-7.587064676616915,4690234296.356276
078930,GS,KOSPI,4,4,2,4,GS Holdings,기타금융,Other_Financial_Companies,0.0,0.0,0.0,0.0,-7.559395248380129,10459228125.708502
128940,한미약품,KOSPI,4,3,2,3,HanmiPharm,의약품,Medical_Supplies,0.0,0.0,0.0,0.0,-6.908034294469727,9647707922.008097
036460,한국가스공사,KOSPI,5,4,3,5,KoreaGasCorporation,전기가스업,Electricity_Gas,0.0002554278416347382,0.033202563439613995,0.0,3.848856246550896e-05,10.256410256410255,22392292108.906883
010620,현대미포조선,KOSPI,3,3,2,3,HyundaiMipoDockyard,운수장비,Transport_Equipment,0.0,0.0,0.0,0.0,-1.7977528089887642,23723689743.724697
029780,삼성카드,KOSPI,2,2,1,1,"SAMSUNG CARD CO., LTD.",기타금융,Other_Financial_Companies,0.0,0.0,0.0,0.0,-9.8981077147016,3969251561.7408905
003410,쌍용C&E,KOSPI,4,3,3,4,SSANGYONGC&E,비금속광물,Non_metallic_Mineral_Products,0.0,0.0,0.0,0.0,-16.646706586826348,5765072161.578947
010060,OCI,KOSPI,4,2,1,3,OCI,화학,Chemicals,0.0,0.0,0.0,0.0,18.907563025210084,45748324886.63968
282330,BGF리테일,KOSPI,3,3,1,3,BGF Retail,유통업,Distribution,0.0,0.0,0.0,0.0,0.2695417789757413,5982691809.716599
028670,팬오션,KOSPI,5,9,2,6,PanOcean,운수창고업,Transport_Storage,0.0,0.0,0.0,0.0,-28.487690504103163,36321904850.4251
307950,현대오토에버,KOSPI,3,3,2,3,HyundaiAutoever,서비스업,Services,0.0,0.0,0.0,0.0,-17.454545454545457,12044623999.190285
002790,아모레G,KOSPI,2,1,2,2,AmoreG,화학,Chemicals,0.0,0.0,0.0,0.0,-39.46153846153846,7149596901.214575
005940,NH투자증권,KOSPI,3,2,1,2,NH INVESTMENT & SECURITIES,증권,Securities,0.0,0.0,0.0,0.0,-28.68217054263566,7917113098.704453
016360,삼성증권,KOSPI,3,2,2,3,SamsungSecurities,증권,Securities,0.0,0.0,0.0,0.0,-24.55555555555556,13841076630.5668
023530,롯데쇼핑,KOSPI,4,3,1,3,"LOTTE SHOPPING CO., LTD.",유통업,Distribution,0.0,0.0,0.0,0.0,-11.688311688311687,8230289288.663968
008770,호텔신라,KOSPI,4,2,1,3,HotelShilla,유통업,Distribution,0.0,0.0,0.0,0.0,-24.254881808838643,29968869827.530365
001450,현대해상,KOSPI,2,2,1,2,"Hyundai MARINE & FIRE INSURANCE CO.,LTD",보험,Insurance,0.0,0.0,0.0,0.0,21.27659574468085,13438947166.194332
008930,한미사이언스,KOSPI,4,3,2,4,Hanmi Science,기타금융,Other_Financial_Companies,0.0,0.0,0.0,0.0,-46.42833286575021,9561078205.68826
030000,제일기획,KOSPI,8,5,4,6,CheilWorldwide,서비스업,Services,0.0,0.0,0.0,0.0,-4.627766599597585,6680637509.109312
052690,한전기술,KOSPI,6,6,4,6,KEPCO Engineering & Construction,서비스업,Services,0.0,0.0,0.0,0.0,41.32553606237816,54402745850.607285
007070,GS리테일,KOSPI,3,4,1,3,GS Retail,유통업,Distribution,0.0,0.0,0.0,0.0,-31.16710875331565,8251403568.825911
272210,한화시스템,KOSPI,5,4,2,4,HANWHA SYSTEMS,전기전자,Electrical_Electronic_Equipment,0.0,0.0,0.0,0.0,-17.008797653958943,15505338232.186235
026960,동서,KOSPI,9,9,8,9,DONGSUH,유통업,Distribution,0.0,0.0,0.0,0.0,-14.169381107491857,3431326448.785425
012750,에스원,KOSPI,6,5,3,5,S-1,서비스업,Services,0.0,0.0,0.0,0.0,-21.7283950617284,4107802030.769231
112610,씨에스윈드,KOSPI,7,8,3,7,CS Wind Corporation,기계,Machinery,0.0,0.0,0.0,0.0,-22.366710013003903,25261447132.59109
047040,대우건설,KOSPI,4,3,2,4,DaewooEngineering&Construction,건설업,Construction,0.0,0.0,0.0,0.0,-31.585365853658537,13970091699.392712
047050,포스코인터내셔널,KOSPI,2,1,1,2,POSCO INTERNATIONAL,유통업,Distribution,0.0,0.0,0.0,0.0,-15.086206896551724,23151341010.121456
001440,대한전선,KOSPI,3,3,2,3,TaihanElectricWire,전기전자,Electrical_Electronic_Equipment,0.0,0.0,0.0,0.0,-34.58104395604396,51760546303.23077
064350,현대로템,KOSPI,3,2,1,2,HYUNDAI ROTEM,운수장비,Transport_Equipment,0.0,0.0,0.0,0.0,-14.227642276422763,26009733117.813766
204320,만도,KOSPI,4,2,2,3,HL Mando,운수장비,Transport_Equipment,0.0,0.0,0.0,0.0,-27.727272727272727,21850069676.92308
138930,BNK금융지주,KOSPI,3,2,1,2,BNK Financial Group Inc.,기타금융,Other_Financial_Companies,0.0,0.0,0.0,0.0,-13.27319587628866,10023834779.878542
039490,키움증권,KOSPI,9,5,3,7,KIWOOM Securities,증권,Securities,0.0,0.0,0.0,0.0,-36.67924528301887,7381534014.17004
004170,신세계,KOSPI,4,4,2,4,"Shinsegae Co.,Ltd",유통업,Distribution,0.0,0.0,0.0,0.0,-22.956521739130437,17278339734.817814
006260,LS,KOSPI,4,2,5,4,LS,기타금융,Other_Financial_Companies,0.0,0.0,0.0,0.0,-6.562054208273895,7118407641.902834
006280,녹십자,KOSPI,6,7,4,6,Green Cross Corporation,의약품,Medical_Supplies,0.0031928480204342275,0.02665199822621873,0.20696944963720915,3.5340198055830326e-05,-50.07518796992482,19618801805.66801
336260,두산퓨얼셀,KOSPI,7,5,2,6,Doosan Fuel Cell,전기전자,Electrical_Electronic_Equipment,0.0,0.0,0.0,0.0,-38.16568047337278,33938557268.016197
000880,한화,KOSPI,4,4,1,3,Hanwha,화학,Chemicals,0.0384418901660281,0.0028258140040861544,0.012399015711974723,6.008475708389303e-06,-16.108452950558213,10473445118.82591
081660,휠라홀딩스,KOSPI,6,3,1,4,Fila Holdings,유통업,Distribution,0.0,0.0,0.0,0.0,-52.4451939291737,16382533394.939272
111770,영원무역,KOSPI,5,7,3,6,Youngone Corporation,유통업,Distribution,0.0,0.0,0.0,0.0,-11.724915445321308,6297522509.51417
004800,효성,KOSPI,3,2,3,3,Hyosung,기타금융,Other_Financial_Companies,0.0,0.0,0.0,0.0,-21.170731707317078,6114384995.141701
093370,후성,KOSPI,4,7,7,6,"FOOSUNG CO.,LTD",화학,Chemicals,0.0,0.0,0.0,0.0,73.95348837209302,71808718609.91902
004370,농심,KOSPI,6,5,7,6,Nongshim,음식료품,Food_Beverages,0.0,0.0,0.0,0.0,-14.195583596214512,7923661463.562753
005300,롯데칠성,KOSPI,4,3,1,3,LotteChilsungBeverage,음식료품,Food_Beverages,0.0,0.0,0.0,0.0,25.0,5861636374.493927
003090,대웅,KOSPI,9,6,8,8,Daewoong,의약품,Medical_Supplies,0.006385696040868455,0.02665199822621873,0.20696944963720915,3.540947746826824e-06,-45.87352625937835,5733344362.7530365
336370,솔루스첨단소재,KOSPI,9,8,4,8,Solus Advanced Materials,전기전자,Electrical_Electronic_Equipment,0.0,0.0,0.0,0.0,-1.55027676218877,29644796589.20648
014820,동원시스템즈,KOSPI,7,6,8,7,Dongwon Systems Corporation,화학,Chemicals,0.0,0.0,0.0,0.0,18.94273127753304,4001169997.368421
007310,오뚜기,KOSPI,4,2,5,4,Ottogi,음식료품,Food_Beverages,0.0,0.0,0.0,0.0,-21.6390423572744,2116247884.6153848
009240,한샘,KOSPI,4,1,2,3,"HANSSEM CO.,LTD.",유통업,Distribution,0.0,0.0,0.0,0.0,-37.90476190476191,16901950019.4332
000210,DL,KOSPI,2,2,1,2,DL,기타금융,Other_Financial_Companies,0.0,0.0,0.0,0.0,-12.720403022670029,6292249292.307693
005070,코스모신소재,KOSPI,6,8,7,7,CosmoAM&T,화학,Chemicals,0.0,0.0,0.0,0.0,97.03703703703704,46294379556.68016
005850,에스엘,KOSPI,5,6,4,5,SLCORPORATION,운수장비,Transport_Equipment,0.0,0.0,0.0,0.0,-14.81994459833795,5292689795.951417
175330,JB금융지주,KOSPI,2,2,1,2,"JB Financial Group Co., Ltd.",기타금융,Other_Financial_Companies,0.0,0.0,0.0,0.0,-1.3386880856760377,4316084280.850203
120110,코오롱인더,KOSPI,5,5,3,5,KOLON INDUSTRIES,화학,Chemicals,0.032439335887611755,0.003554699447593415,0.04010016737064247,8.531603669850195e-06,-31.45780051150895,22735500133.60324
139130,DGB금융지주,KOSPI,2,2,1,2,DGB Financial Group,기타금융,Other_Financial_Companies,0.0,0.0,0.0,0.0,-17.89924973204716,4589571109.797571
001120,LX인터내셔널,KOSPI,3,3,2,3,LX INTERNATIONAL CORP.,유통업,Distribution,0.0,0.0,0.0,0.0,11.27450980392157,13706103736.437246
042700,한미반도체,KOSPI,9,9,6,9,"HANMISemiconductorCO.,Ltd.",기계,Machinery,0.0,0.0,0.0,0.0,-20.726172465960666,15854265047.975708
001230,동국제강,KOSPI,4,5,5,5,DongkukSteelMill,철강금속,Iron_Metal_Products,0.0,0.0,0.0,0.0,-39.14027149321267,15343494622.874496
000240,한국앤컴퍼니,KOSPI,4,3,6,4,HANKOOK & COMPANY,기타금융,Other_Financial_Companies,0.0,0.0,0.0,0.0,-37.00980392156863,1749568106.2753036
010780,아이에스동서,KOSPI,6,7,2,6,IS DONGSEO,비금속광물,Non_metallic_Mineral_Products,0.0,0.0,0.0,0.0,-33.94957983193277,4158685030.5668015
016710,대성홀딩스,KOSPI,7,7,7,7,DAESUNG HOLDINGS,서비스업,Services,0.0,0.0,0.0,0.0,87.69633507853402,2823450840.48583
020560,아시아나항공,KOSPI,5,4,9,5,Asiana Airlines,운수창고업,Transport_Storage,0.0,0.0,0.0,0.0,-16.927083333333336,19921074475.708504
019170,신풍제약,KOSPI,9,8,3,8,ShinpoongPharmaceutical,의약품,Medical_Supplies,0.0,0.0,0.0,0.0,-74.27745664739885,90695318650.60728
000150,두산,KOSPI,3,1,3,2,DOOSAN,기타금융,Other_Financial_Companies,0.0,0.0,0.0,0.0,-25.05263157894737,11112392263.157894
018670,SK가스,KOSPI,4,3,1,3,SKGas,유통업,Distribution,0.0,0.0,0.0,0.0,0.8264462809917356,3760893283.40081
017800,현대엘리베이,KOSPI,5,5,2,5,HyundaiElevator,기계,Machinery,0.0,0.0,0.0,0.0,-48.10606060606061,8354465941.295547
031430,신세계인터내셔날,KOSPI,5,4,2,4,SHINSEGAE INTERNATIONAL,유통업,Distribution,0.0,0.0,0.0,0.0,-22.04433497536946,6152705486.2348175
042670,현대두산인프라코어,KOSPI,3,1,2,3,Hyundai Doosan Infracore,기계,Machinery,0.0,0.0,0.0,0.0,-56.660397415978416,16506052744.931171
181710,NHN,KOSPI,7,5,1,5,NHN,서비스업,Services,0.025415070242656452,0.006086996664985692,0.03344232909652906,1.9198094957795867e-05,-30.236891756539563,8896547830.263159
001740,SK네트웍스,KOSPI,4,2,1,3,"SKNetworksCo.,Ltd",유통업,Distribution,0.0,0.0,0.0,0.0,-30.31301482701812,2747507291.9838057
268280,미원에스씨,KOSPI,9,8,6,8,Miwon Specialty Chemical,화학,Chemicals,0.0,0.0,0.0,0.0,11.11111111111111,507925030.3643725
003690,코리안리,KOSPI,7,6,1,5,Korean Reinsurance Company,보험,Insurance,0.0,0.0,0.0,0.0,-14.343845371312309,2469088322.874494
003240,태광산업,KOSPI,6,5,4,6,TaekwangIndustrial,화학,Chemicals,0.0,0.0,0.0,0.0,-22.544833475661825,787728838.0566802
073240,금호타이어,KOSPI,5,4,3,5,"KUMHOTIRECO.,INC",화학,Chemicals,0.0,0.0,0.0,0.0,-56.98529411764706,2496445486.012145
000670,영풍,KOSPI,8,9,4,8,Youngpoong,철강금속,Iron_Metal_Products,0.0,0.0,0.0,0.0,-18.153846153846157,964979991.902834
079160,CJ CGV,KOSPI,6,4,2,5,CJ CGV,서비스업,Services,0.0,0.0,0.0,0.0,-24.382207578253706,11064530960.931171
145720,덴티움,KOSPI,9,7,4,8,DENTIUM,의료정밀,Medical_Precision_Machines,0.0,0.0,0.0,0.0,34.715821812596005,8412211977.327935
178920,PI첨단소재,KOSPI,4,7,5,6,"PI Advanced Materials Co., Ltd.",화학,Chemicals,0.0,0.0,0.0,0.0,-41.02333931777379,12299958069.838057
300720,한일시멘트,KOSPI,5,7,4,6,HANILCEMENT,비금속광물,Non_metallic_Mineral_Products,0.0,0.0,0.0,0.0,-15.479876160990711,8727235303.238867
005250,녹십자홀딩스,KOSPI,6,7,4,6,Green Cross Holdings Corporation,서비스업,Services,0.0,0.0,0.0,0.0,-44.26470588235294,3534978376.3157897
082640,동양생명,KOSPI,8,5,2,6,TONGYANG LIFE INSURANCE,보험,Insurance,0.0,0.0,0.0,0.0,2.142857142857143,1800689656.2753036
214320,이노션,KOSPI,5,5,1,4,INNOCEAN WORLDWIDE INC.,서비스업,Services,0.0,0.0,0.0,0.0,-29.416282642089094,2142217458.097166
002840,미원상사,KOSPI,9,9,6,8,MiwonCommercial,화학,Chemicals,0.0,0.0,0.0,0.0,-18.097447795823665,517139445.3441296
032350,롯데관광개발,KOSPI,9,8,7,8,"LOTTE TOUR DEVELOPMENT CO., LTD",서비스업,Services,0.0,0.0,0.0,0.0,-38.72549019607843,9843624788.866396
009420,한올바이오파마,KOSPI,9,7,5,8,"HANALL BIOPHARMA CO.,LTD",의약품,Medical_Supplies,0.0019157088122605365,0.02665199822621873,0.20696944963720915,9.53746577895312e-06,-25.339366515837103,6973008990.688259
014830,유니드,KOSPI,6,7,4,6,UNID,화학,Chemicals,0.0,0.0,0.0,0.0,26.53846153846154,18100251261.1336
013890,지누스,KOSPI,9,9,3,8,ZINUS,기타제조업,Other_Manufacturing_Industries,0.0,0.0,0.0,0.0,-51.1219512195122,6996023431.983806
005880,대한해운,KOSPI,9,7,5,8,KoreaLine,운수창고업,Transport_Storage,0.0,0.0,0.0,0.0,-22.608695652173918,8024120342.834008
249420,일동제약,KOSPI,5,5,3,5,ILDONG PHARM,의약품,Medical_Supplies,0.0,0.0,0.0,0.0,98.13664596273291,131428482935.02023
069260,휴켐스,KOSPI,6,5,5,6,TKG Huchems,화학,Chemicals,0.0,0.0,0.0,0.0,-11.397849462365592,12748107658.097166
114090,GKL,KOSPI,5,6,3,5,Grand Korea Leisure,서비스업,Services,0.0,0.0,0.0,0.0,-20.65868263473054,4663560596.558704
011000,진원생명과학,KOSPI,9,8,5,8,GeneOneLifeScience,의약품,Medical_Supplies,0.0,0.0,0.0,0.0,-60.06482231739785,74130332952.76923
089590,제주항공,KOSPI,7,7,4,7,"JEJUAIR, CO., LTD.",운수창고업,Transport_Storage,0.0,0.0,0.0,0.0,-32.06433319388277,4784295926.408907
010050,우리종금,KOSPI,9,6,2,7,Woori Investment Bank,기타금융,Other_Financial_Companies,0.0,0.0,0.0,0.0,-12.427184466019416,4606189033.036437
023590,다우기술,KOSPI,6,5,3,6,DaouTechnology,서비스업,Services,0.0,0.0,0.0,0.0,-37.828371278458846,1915224373.88664
003540,대신증권,KOSPI,6,4,1,4,DaishinSecurities,증권,Securities,0.0,0.0,0.0,0.0,-24.30379746835443,1946267750.4048584
005440,현대그린푸드,KOSPI,3,3,1,3,HYUNDAIGREENFOOD,유통업,Distribution,0.0,0.0,0.0,0.0,-27.813953488372096,2392791718.0161943
020000,한섬,KOSPI,2,2,1,2,HandsomeCorporation,섬유의복,Textile_Wearing_Apparel,0.0,0.0,0.0,0.0,-25.29137529137529,3083565825.708502
039130,하나투어,KOSPI,6,5,3,6,HANATOUR SERVICE,서비스업,Services,0.0,0.0,0.0,0.0,-27.194581922375622,11130270001.032389
004490,세방전지,KOSPI,6,8,4,7,SEBANG GLOBAL BATTERY,전기전자,Electrical_Electronic_Equipment,0.0,0.0,0.0,0.0,-44.824016563147,5109526396.761133
004690,삼천리,KOSPI,6,5,4,6,Samchully,전기가스업,Electricity_Gas,0.0005108556832694764,0.4814371637558904,0.0,0.0,91.37749737118824,1554973704.8582995
241590,화승엔터프라이즈,KOSPI,6,6,2,6,HWASEUNG ENTERPRISE,기타제조업,Other_Manufacturing_Industries,0.0,0.0,0.0,0.0,-30.1994301994302,3158713835.222672
272450,진에어,KOSPI,7,5,1,5,JIN AIR,운수창고업,Transport_Storage,0.0,0.0,0.0,0.0,-32.01754385964912,6928815782.744939
001680,대상,KOSPI,4,3,3,4,Daesang,음식료품,Food_Beverages,0.0017879948914431675,0.03264495336543007,0.10747901409535793,2.021458112684294e-06,-26.25,3355531539.0688257
192080,더블유게임즈,KOSPI,9,7,3,7,DoubleUGames,서비스업,Services,0.0,0.0,0.0,0.0,-34.764309764309765,10577052282.99595
003530,한화투자증권,KOSPI,5,5,2,5,HANWHA INVESTMENT & SECURITIES,증권,Securities,0.0,0.0,0.0,0.0,-30.114226375908625,20260158366.37652
003850,보령제약,KOSPI,6,4,4,5,Boryung,의약품,Medical_Supplies,0.001277139208173691,0.02665199822621873,0.20696944963720915,3.0098055848028004e-06,-47.35786623884488,4135134645.384616
005690,파미셀,KOSPI,8,8,6,8,Pharmicell,의약품,Medical_Supplies,0.0,0.0,0.0,0.0,-35.19553072625698,14631806927.165993
007700,F&F홀딩스,KOSPI,4,5,5,5,F&F Holdings,기타금융,Other_Financial_Companies,0.0,0.0,0.0,0.0,-51.856763925729446,5606280984.210526
105630,한세실업,KOSPI,7,8,4,7,HANSAE,섬유의복,Textile_Wearing_Apparel,0.0,0.0,0.0,0.0,-28.54209445585216,8602232601.417004
006120,SK디스커버리,KOSPI,4,3,1,3,"SK Discovery Co.,Ltd.",기타금융,Other_Financial_Companies,0.0,0.0,0.0,0.0,-32.50950570342205,2957973487.651822
000640,동아쏘시오홀딩스,KOSPI,5,3,1,4,Dong-A Socio Holdings,기타금융,Other_Financial_Companies,0.0,0.0,0.0,0.0,-17.408906882591094,1398389727.9352226
192650,드림텍,KOSPI,8,9,3,7,DREAMTECH,전기전자,Electrical_Electronic_Equipment,0.0,0.0,0.0,0.0,-19.57627118644068,5464091045.020243
192820,코스맥스,KOSPI,3,5,5,5,"COSMAX, INC.",화학,Chemicals,0.0,0.0,0.0,0.0,-53.2046332046332,10423788432.388664
009970,영원무역홀딩스,KOSPI,5,7,2,6,YoungoneHoldings,기타금융,Other_Financial_Companies,0.0,0.0,0.0,0.0,-4.11522633744856,871844274.0890688
064960,SNT모티브,KOSPI,7,8,5,7,SNT MOTIV,운수장비,Transport_Equipment,0.0,0.0,0.0,0.0,-40.27777777777778,2811541279.554656
000070,삼양홀딩스,KOSPI,4,5,7,5,SAMYANGHOLDINGS,기타금융,Other_Financial_Companies,0.0,0.0,0.0,0.0,-33.93665158371041,2457119920.6477733
057050,현대홈쇼핑,KOSPI,2,2,1,2,HYUNDAI HOME SHOPPING NETWORK CORPORATION,유통업,Distribution,0.0,0.0,0.0,0.0,-44.05286343612335,1161395275.708502
003000,부광약품,KOSPI,9,9,3,9,BukwangPharmaceutical,의약품,Medical_Supplies,0.0,0.0,0.0,0.0,-57.93611793611794,17695170826.720646
003030,세아제강지주,KOSPI,5,6,6,6,SeAH Steel Holdings Corporation,기타금융,Other_Financial_Companies,0.0,0.0,0.0,0.0,87.00787401574803,3403169508.906883
210980,SK디앤디,KOSPI,4,3,2,4,"SK D&D Co., Ltd",서비스업,Services,0.0,0.0,0.0,0.0,-28.129395218002813,2106613132.1862347
034310,NICE,KOSPI,6,5,3,5,NICEHoldings,서비스업,Services,0.0,0.0,0.0,0.0,-22.22222222222222,1034625157.8947368
097520,엠씨넥스,KOSPI,7,8,7,7,"MCNEX Co.,Ltd.",전기전자,Electrical_Electronic_Equipment,0.0,0.0,0.0,0.0,-30.990415335463258,9325412460.728745
007340,디티알오토모티브,KOSPI,6,9,4,7,DN AUTOMOTIVE CORPORATION,전기전자,Electrical_Electronic_Equipment,0.0,0.0,0.0,0.0,34.92822966507177,2287766089.0688257
001430,세아베스틸,KOSPI,6,7,4,6,SeAH Besteel Holdings Corporation,철강금속,Iron_Metal_Products,0.0,0.0,0.0,0.0,-52.03124999999999,3340177225.506073
085620,미래에셋생명,KOSPI,7,2,2,5,"MIRAE ASSET Life Insurance CO., Ltd.",보험,Insurance,0.0,0.0,0.0,0.0,-25.64102564102564,382308836.8016194
003470,유안타증권,KOSPI,9,9,5,8,Yuanta Securities Korea,증권,Securities,0.0,0.0,0.0,0.0,-43.20987654320987,1296338605.242915
005090,SGC에너지,KOSPI,4,5,5,5,SGC Energy,전기가스업,Electricity_Gas,0.0,0.0,0.0,0.0,-31.27413127413127,3888598824.696356
001060,JW중외제약,KOSPI,7,7,3,7,JWPHARMACEUTICAL,의약품,Medical_Supplies,0.0,0.0,0.0,0.0,-22.880054598191435,3985669661.303644
003280,흥아해운,KOSPI,9,8,9,9,HeungaShipping,운수창고업,Transport_Storage,0.0,0.0,0.0,0.0,39.228295819935695,8142537946.093118
170900,동아에스티,KOSPI,5,3,1,4,Donga ST,의약품,Medical_Supplies,0.0,0.0,0.0,0.0,-32.90993071593534,2109764557.0850203
002240,고려제강,KOSPI,5,7,3,6,KISWire,철강금속,Iron_Metal_Products,0.0,0.0,0.0,0.0,-16.69980119284294,2758368244.331984
004430,송원산업,KOSPI,6,8,9,7,SongwonIndustrial,화학,Chemicals,0.0,0.0,0.0,0.0,5.958549222797927,6966822500.607287
017810,풀무원,KOSPI,2,1,1,1,PULMUONE,음식료품,Food_Beverages,0.0,0.0,0.0,0.0,-37.96526054590571,1438728218.825911
005180,빙그레,KOSPI,3,2,1,3,Binggrae,음식료품,Food_Beverages,0.0,0.0,0.0,0.0,-27.086614173228345,1098280016.8016195
007810,코리아써키트,KOSPI,5,8,6,7,KoreaCircuit,전기전자,Electrical_Electronic_Equipment,0.0,0.0,0.0,0.0,42.23826714801445,14628133258.502024
082740,HSD엔진,KOSPI,5,4,2,4,HSD Engine,기계,Machinery,0.0,0.0,0.0,0.0,4.848891873740765,5357851013.910932
093050,LF,KOSPI,9,8,3,8,LF,섬유의복,Textile_Wearing_Apparel,0.0001277139208173691,0.6251784895267184,0.0,2.4632679977925733e-05,-22.249388753056238,1326391971.0526316
007690,국도화학,KOSPI,6,9,6,7,KukdoChemical,화학,Chemicals,0.0,0.0,0.0,0.0,-15.933011186867017,4962214743.226721
123890,한국자산신탁,KOSPI,9,7,9,8,KAIT,기타금융,Other_Financial_Companies,0.0,0.0,0.0,0.0,-26.25,844389788.2186235
001470,삼부토건,KOSPI,8,9,6,8,SambuEngineering&Construction,건설업,Construction,0.0,0.0,0.0,0.0,-21.843003412969285,32002818249.068825
011930,신성이엔지,KOSPI,6,9,5,7,SHINSUNG E&G,전기전자,Electrical_Electronic_Equipment,0.0,0.0,0.0,0.0,-23.78472222222222,7676803875.080972
034830,한국토지신탁,KOSPI,9,8,9,9,KOREIT,기타금융,Other_Financial_Companies,0.0,0.0,0.0,0.0,-30.08474576271186,3530104482.5708504
306200,세아제강,KOSPI,5,6,4,5,SeAH Steel Corporation,철강금속,Iron_Metal_Products,0.0,0.0,0.0,0.0,37.94642857142857,2976158541.7004046
007660,이수페타시스,KOSPI,6,5,9,6,ISUPETASYS,전기전자,Electrical_Electronic_Equipment,0.0,0.0,0.0,0.0,92.83369803063457,11872718172.016191
007570,일양약품,KOSPI,9,8,3,8,IlyangPharmaceutical,의약품,Medical_Supplies,0.0,0.0,0.0,0.0,-42.984693877551024,3447801118.4210525
005420,코스모화학,KOSPI,7,9,7,7,COSMOCHEMICALCO,화학,Chemicals,0.0,0.0,0.0,0.0,64.9949849548646,18545601142.404858
005950,이수화학,KOSPI,6,7,7,7,IsuChemical,화학,Chemicals,0.0,0.0,0.0,0.0,26.20967741935484,10688196563.360325
003580,넥스트사이언스,KOSPI,9,8,9,9,"HLB GLOBAL Co., Ltd.",광업,Mining,0.0,0.0,0.0,0.0,-47.98816568047337,44866297294.251015
037560,LG헬로비전,KOSPI,9,4,1,6,LG HelloVision,서비스업,Services,0.0,0.0,0.0,0.0,-36.794582392776526,13178229229.17004
145990,삼양사,KOSPI,3,5,4,5,Samyang Corporation,음식료품,Food_Beverages,0.0086845466155811,0.03743806159765592,0.09806908673270007,1.3879937839124164e-05,-34.02225755166931,1947771453.8461535
002320,한진,KOSPI,4,6,1,4,HanjinTransportation,운수창고업,Transport_Storage,0.0,0.0,0.0,0.0,-35.24027459954233,1280199437.4493928
001530,DI동일,KOSPI,9,8,6,8,DI DONGIL,유통업,Distribution,0.0,0.0,0.0,0.0,-12.895577775487062,5865375551.336032
030610,교보증권,KOSPI,9,7,3,7,"KYOBOSECURITIESCO.,LTD.",증권,Securities,0.0,0.0,0.0,0.0,-27.32426303854875,486682102.4696356
286940,롯데정보통신,KOSPI,3,4,1,3,LOTTE DATA COMMUNICATION COMPANY,서비스업,Services,0.0,0.0,0.0,0.0,-34.07407407407408,1893223044.5344129
161000,애경케미칼,KOSPI,7,8,8,8,AEKYUNG CHEMICAL,화학,Chemicals,0.0,0.0,0.0,0.0,-29.495798319327733,4965201789.797571
322000,현대에너지솔루션,KOSPI,3,3,3,4,HYUNDAI ENERGY SOLUTIONS,전기전자,Electrical_Electronic_Equipment,0.0,0.0,0.0,0.0,12.695924764890282,4864902222.469636
003070,코오롱글로벌,KOSPI,8,8,3,7,KolonGlobalCorporation,건설업,Construction,0.0,0.0,0.0,0.0,-36.016096579476866,2399541072.0647774
004890,동일산업,KOSPI,6,9,5,7,"DONGILINDUSTRIESCO.,LTD",철강금속,Iron_Metal_Products,0.0,0.0,0.0,0.0,59.22330097087378,743271931.1740891
071840,롯데하이마트,KOSPI,3,2,1,3,LOTTE Himart,유통업,Distribution,0.0,0.0,0.0,0.0,-52.44072524407253,1460301981.3765182
012630,HDC,KOSPI,6,6,2,6,"HDC HOLDINGS CO.,Ltd",기타금융,Other_Financial_Companies,0.0,0.0,0.0,0.0,-48.72586872586873,2401806140.6477733
002900,TYM,KOSPI,5,4,3,5,TYM CORPORATION,기계,Machinery,0.0,0.0,0.0,0.0,29.496402877697843,20951346311.72065
115390,락앤락,KOSPI,7,8,3,7,"LOCK&LOCK CO.,LTD.",화학,Chemicals,0.0,0.0,0.0,0.0,-43.47826086956522,1157111766.8016195
138490,코오롱플라스틱,KOSPI,6,7,3,6,"KOLON PLASTICS, INC.",화학,Chemicals,0.0,0.0,0.0,0.0,37.27959697732997,21755936378.704453
053210,스카이라이프,KOSPI,7,4,1,5,"KT Skylife Co., Ltd.",서비스업,Services,0.0,0.0,0.0,0.0,-22.72300469483568,866701329.8380567
006390,한일현대시멘트,KOSPI,5,7,3,6,HANIL HYUNDAI CEMENT,비금속광물,Non_metallic_Mineral_Products,0.0,0.0,0.0,0.0,-41.39715394566624,893692547.5708503
084010,대한제강,KOSPI,6,8,7,7,Daehan Steel Co. Ltd.,철강금속,Iron_Metal_Products,0.0,0.0,0.0,0.0,-33.54037267080746,4294261424.493927
068400,SK렌터카,KOSPI,5,3,3,4,SK RENT A CAR,서비스업,Services,0.0,0.0,0.0,0.0,-39.33579335793358,1383451344.7368422
058650,세아홀딩스,KOSPI,5,7,5,6,SeAHHoldings,철강금속,Iron_Metal_Products,0.0,0.0,0.0,0.0,-9.765258215962442,101575486.23481782
108670,LX하우시스,KOSPI,3,3,2,3,"LX HAUSYS, LTD.",화학,Chemicals,0.0,0.0,0.0,0.0,-56.67006109979633,4902870164.574899
008490,서흥,KOSPI,8,7,3,7,SUHEUNG,화학,Chemicals,0.0,0.0,0.0,0.0,-40.86799276672694,819594295.1417004
018250,애경산업,KOSPI,4,2,3,4,AEKYUNG INDUSTRIAL,화학,Chemicals,0.0,0.0,0.0,0.0,-44.846292947558766,987040232.7935222
281820,케이씨텍,KOSPI,7,8,7,7,KCTECH,의료정밀,Medical_Precision_Machines,0.0016602809706257984,0.18283212988828798,0.0,2.9251307473786805e-06,-38.02083333333333,2010840367.2064776
092220,KEC,KOSPI,6,7,7,7,KEC Corporation,전기전자,Electrical_Electronic_Equipment,0.0,0.0,0.0,0.0,-0.1828153564899451,34797251466.47773
016800,퍼시스,KOSPI,7,7,7,7,Fursys,기타제조업,Other_Manufacturing_Industries,0.0,0.0,0.0,0.0,-19.5,132795155.06072874
226320,잇츠한불,KOSPI,5,8,4,6,ITSHANBUL,화학,Chemicals,0.0001277139208173691,0.02340385011029887,0.011235955071673194,5.7194003823746305e-06,-36.67883211678832,3748394451.417004
130660,한전산업,KOSPI,7,6,5,7,Korea Electric Power Industrial Development,서비스업,Services,0.0,0.0,0.0,0.0,-1.25,30817665979.31174
071320,지역난방공사,KOSPI,4,3,1,3,Korea District Heating,전기가스업,Electricity_Gas,0.0,0.0,0.0,0.0,-29.10958904109589,229298868.2186235
033270,유나이티드제약,KOSPI,7,7,4,7,Korea United Pharm. Inc.,의약품,Medical_Supplies,0.0005108556832694764,0.4814371637558904,0.0,0.0,-59.14972273567468,8953545736.032389
007460,에이프로젠 MED,KOSPI,9,9,9,9,Aprogen,기계,Machinery,0.0,0.0,0.0,0.0,-25.11013215859031,6873145674.777328
016590,신대양제지,KOSPI,9,8,7,8,ShindaeyangPaper,종이목재,Paper_Wood,0.0005108556832694764,0.011611569642702206,0.17913297604224504,2.9944101598165967e-06,-1.8018018018018016,609563829.1497976
001510,SK증권,KOSPI,7,4,2,5,SKSecurities,증권,Securities,0.0,0.0,0.0,0.0,-27.184466019417474,2634553232.813765
122900,아이마켓코리아,KOSPI,9,7,3,7,iMarketKorea Inc.,유통업,Distribution,0.0,0.0,0.0,0.0,-7.111111111111111,4260139601.94332
005500,삼진제약,KOSPI,9,7,5,8,SamjinPharmaceutical,의약품,Medical_Supplies,0.0,0.0,0.0,0.0,-9.454545454545457,1281131155.0607288
015860,일진홀딩스,KOSPI,8,8,7,8,ILJINHOLDINGS,기타금융,Other_Financial_Companies,0.0,0.0,0.0,0.0,19.831932773109244,15007726028.34008
003220,대원제약,KOSPI,9,8,3,8,DaewonPharmaceutical,의약품,Medical_Supplies,0.0,0.0,0.0,0.0,-0.4307384980335851,24825348163.574898
003300,한일홀딩스,KOSPI,5,7,3,6,HANILHOLDINGS,비금속광물,Non_metallic_Mineral_Products,0.0,0.0,0.0,0.0,-16.577376396754936,274017915.27935225
000050,경방,KOSPI,7,9,6,8,Kyungbang,유통업,Distribution,0.0,0.0,0.0,0.0,-13.028169014084506,286756055.465587
077970,STX엔진,KOSPI,6,8,4,7,"STXEngineCo.,Ltd",기계,Machinery,0.0,0.0,0.0,0.0,-18.87905604719764,4577410445.668016
009290,광동제약,KOSPI,9,7,6,8,KwangdongPharmaceutical,의약품,Medical_Supplies,0.0,0.0,0.0,0.0,-31.450719822812843,1143361904.1295547
024720,한국콜마홀딩스,KOSPI,6,7,1,6,KOLMAR KOREA HOLDINGS,기타금융,Other_Financial_Companies,0.0,0.0,0.0,0.0,-42.40924092409241,974185755.0607288
293480,하나제약,KOSPI,9,8,4,8,Hana Pharm,의약품,Medical_Supplies,0.0,0.0,0.0,0.0,-18.202247191011235,598955292.1052631
002960,한국쉘석유,KOSPI,9,7,4,7,HankookShellOil,화학,Chemicals,0.0,0.0,0.0,0.0,-14.035087719298245,433434927.1255061
000480,조선내화,KOSPI,7,7,8,7,ChosunRefractories,비금속광물,Non_metallic_Mineral_Products,0.0,0.0,0.0,0.0,-12.445414847161572,108279820.24291496
107590,미원홀딩스,KOSPI,9,8,8,8,"Miwon Holdings Co.,Ltd.",기타금융,Other_Financial_Companies,0.0,0.0,0.0,0.0,8.032128514056225,247530159.91902837
002150,도화엔지니어링,KOSPI,6,8,3,7,DOHWA ENGINEERING,서비스업,Services,0.0,0.0,0.0,0.0,3.68763557483731,4411706105.789474
001500,현대차증권,KOSPI,6,3,1,4,HYUNDAI MOTOR SECURITIES,증권,Securities,0.0,0.0,0.0,0.0,-28.992805755395683,856358788.0566802
055490,테이팩스,KOSPI,5,7,4,6,TAPEX,화학,Chemicals,0.0,0.0,0.0,0.0,25.23020257826888,3629520083.805668
011700,한신기계,KOSPI,9,9,5,9,HanshinMachinery,기계,Machinery,0.0,0.0,0.0,0.0,266.4921465968587,62561309644.04858
026890,디피씨,KOSPI,9,9,3,8,"STIC Investments, Inc.",기타금융,Other_Financial_Companies,0.0,0.0,0.0,0.0,-49.20962199312714,13767452598.016191
016580,환인제약,KOSPI,9,8,4,8,WhaninPharm,의약품,Medical_Supplies,0.0,0.0,0.0,0.0,-29.166666666666668,771745669.0283401
213500,한솔제지,KOSPI,4,4,2,4,"Hansol Paper Co., Ltd.",종이목재,Paper_Wood,0.0,0.0,0.0,0.0,-22.5609756097561,2057516185.6275303
001790,대한제당,KOSPI,7,9,4,7,TS,음식료품,Food_Beverages,0.0006385696040868455,0.9999999999999999,0.0,1.2316339988962866e-05,-1.0159651669085632,15905249026.356276
271980,제일약품,KOSPI,9,8,8,8,JEIL PHARM,의약품,Medical_Supplies,0.0,0.0,0.0,0.0,-52.98165137614679,3167614566.194332
004250,NPC,KOSPI,7,9,9,8,NPC,화학,Chemicals,0.0,0.0,0.0,0.0,85.85418933623504,27042590569.554657
002990,금호건설,KOSPI,7,9,9,8,KUMHOE&C,건설업,Construction,0.0,0.0,0.0,0.0,-34.83870967741935,1676076145.4655871
002020,코오롱,KOSPI,7,7,7,7,KOLON CORPORATION,기타금융,Other_Financial_Companies,0.0,0.0,0.0,0.0,-32.60233918128655,3187055263.562753
001630,종근당홀딩스,KOSPI,4,4,5,4,CHONGKUNDANG HOLDINGS CORP.,의약품,Medical_Supplies,0.0,0.0,0.0,0.0,-47.31481481481482,864905697.1659919
104700,한국철강,KOSPI,6,8,4,7,KISCO Corp.,철강금속,Iron_Metal_Products,0.0,0.0,0.0,0.0,-33.36585365853659,1335359286.882591
084690,대상홀딩스,KOSPI,4,3,6,4,Daesang Holdings,기타금융,Other_Financial_Companies,0.0,0.0,0.0,0.0,-33.64406779661017,2099093596.3157892
298690,에어부산,KOSPI,8,7,9,8,AirBusan,운수창고업,Transport_Storage,0.0,0.0,0.0,0.0,-51.27748824202364,3174658311.1417003
001250,GS글로벌,KOSPI,6,6,1,5,GS Global Corp.,유통업,Distribution,0.0,0.0,0.0,0.0,17.114093959731544,21265100622.834007
002710,TCC스틸,KOSPI,7,9,8,8,TCC STEEL,철강금속,Iron_Metal_Products,0.0,0.0,0.0,0.0,173.10488058151608,10982002987.813765
214330,금호에이치티,KOSPI,8,9,8,8,"Kumho HT, Inc.",운수장비,Transport_Equipment,0.0,0.0,0.0,0.0,-40.3470715835141,10550545898.562754
000490,대동,KOSPI,7,8,5,7,DAEDONG CORPORATION,기계,Machinery,0.0,0.0,0.0,0.0,1.7391304347826086,8244437650.647774
081000,일진다이아,KOSPI,9,8,8,8,"ILJIN DIAMOND CO., LTD",화학,Chemicals,0.0,0.0,0.0,0.0,-54.05092592592593,5293206214.777328
001780,알루코,KOSPI,7,9,8,8,"ALUKO CO.,LTD.",철강금속,Iron_Metal_Products,0.0,0.0,0.0,0.0,-38.10916179337232,14041935850.546558
037710,광주신세계,KOSPI,4,4,2,4,GwangjuShinsegae,유통업,Distribution,0.0,0.0,0.0,0.0,-13.554987212276217,1267301036.639676
009680,모토닉,KOSPI,7,7,3,7,MOTONIC,운수장비,Transport_Equipment,0.0,0.0,0.0,0.0,-33.2520325203252,428989153.9676113
001520,동양,KOSPI,9,9,5,8,TONGYANG,비금속광물,Non_metallic_Mineral_Products,0.0010217113665389529,0.022006279493969997,0.3420065548586908,7.374408568391515e-06,-50.21551724137932,4233930316.093117
000020,동화약품,KOSPI,9,7,7,8,DongwhaPharm,의약품,Medical_Supplies,0.0001277139208173691,0.2311990852009394,0.0,3.299239574543427e-05,-37.12460063897763,13664080791.052631
095720,웅진씽크빅,KOSPI,6,5,4,6,"WOONGJIN THINKBIG CO., LTD.",서비스업,Services,0.0,0.0,0.0,0.0,-41.48418491484185,2998680875.6477733
005810,풍산홀딩스,KOSPI,9,5,4,7,POONGSAN HOLDINGS,기타금융,Other_Financial_Companies,0.0,0.0,0.0,0.0,-7.092198581560284,719919087.0445344
009410,태영건설,KOSPI,3,6,3,5,TAEYOUNG ENGINEERING & CONSTRUCTION,건설업,Construction,0.0,0.0,0.0,0.0,-45.1219512195122,1034448258.1781375
001200,유진투자증권,KOSPI,9,8,3,8,EUGENE INVESTMENT & SECURITIES,증권,Securities,0.0,0.0,0.0,0.0,-40.46052631578947,831854683.7449393
020120,키다리스튜디오,KOSPI,9,7,8,8,KidariStudio,서비스업,Services,0.0,0.0,0.0,0.0,-51.47651006711409,6972709447.935223
006060,화승인더,KOSPI,6,6,2,6,HSIndustries,화학,Chemicals,0.0,0.0,0.0,0.0,-39.543726235741445,1320364211.194332
103590,일진전기,KOSPI,7,8,7,8,ILJIN ELECTRIC,전기전자,Electrical_Electronic_Equipment,0.0,0.0,0.0,0.0,28.85662431941924,9608680299.615383
004380,삼익THK,KOSPI,7,8,4,7,SAMICK THK,기계,Machinery,0.0,0.0,0.0,0.0,-6.7669172932330826,1449027697.165992
024090,디씨엠,KOSPI,9,9,5,8,DCMCorp.,철강금속,Iron_Metal_Products,0.0,0.0,0.0,0.0,35.45454545454545,1943502910.931174
036530,SNT홀딩스,KOSPI,7,8,5,7,SNT Holdings,기타금융,Other_Financial_Companies,0.0,0.0,0.0,0.0,-28.246013667425967,227165619.4331984
029460,케이씨,KOSPI,6,8,4,7,KC,의료정밀,Medical_Precision_Machines,0.0,0.0,0.0,0.0,-27.42537313432836,988940091.4979756
005960,동부건설,KOSPI,9,9,6,9,Dongbu Corporation,건설업,Construction,0.0,0.0,0.0,0.0,-20.0,1304931251.8218625
105840,우진,KOSPI,9,8,5,8,WOOJIN INC,의료정밀,Medical_Precision_Machines,0.0001277139208173691,0.18283212988828798,0.0,3.7972815728471134e-05,66.86320754716981,28503040749.23077
092230,KPX홀딩스,KOSPI,7,9,6,7,KPXHOLDINGS,화학,Chemicals,0.0,0.0,0.0,0.0,-17.03601108033241,152554436.03238866
084680,이월드,KOSPI,9,9,7,9,E-WORLD,기타제조업,Other_Manufacturing_Industries,0.0001277139208173691,0.18283212988828798,0.0,0.0,-49.02234636871509,4399950412.71255
009580,무림P&P,KOSPI,5,5,2,5,Moorim P&P,종이목재,Paper_Wood,0.0,0.0,0.0,0.0,-28.7215411558669,2568878992.813765
002810,삼영무역,KOSPI,9,9,4,8,SamyungTrading,유통업,Distribution,0.0,0.0,0.0,0.0,-21.176470588235293,182305480.97165996
001570,금양,KOSPI,9,8,6,8,Kumyang,화학,Chemicals,0.0,0.0,0.0,0.0,-4.81283422459893,4356618989.331984
077500,유니퀘스트,KOSPI,7,9,4,7,Uniquest Corporation,유통업,Distribution,0.0,0.0,0.0,0.0,-21.856540084388183,2298658397.9352226
028100,동아지질,KOSPI,9,9,7,9,Dong-Ah Geological Engineering Company,건설업,Construction,0.0,0.0,0.0,0.0,-24.776785714285715,1484795005.4655871
006490,인스코비,KOSPI,9,8,7,8,Inscobee,통신업,Communication,0.0,0.0,0.0,0.0,-33.81410256410257,10796132210.2834
068290,삼성출판사,KOSPI,9,9,6,9,SAMSUNG PUBLISHING,서비스업,Services,0.0,0.0,0.0,0.0,-45.39473684210527,9390259670.647774
002390,한독,KOSPI,5,5,3,5,HANDOK Inc.,의약품,Medical_Supplies,0.0001277139208173691,0.3440003733583116,0.0,0.0,-37.81362007168459,579167252.8340081
035510,신세계 I&C,KOSPI,6,6,1,5,SHINSEGAE INFORMATION & COMMUNICATION Co,서비스업,Services,0.0,0.0,0.0,0.0,-23.28042328042328,2607942723.076923
003570,SNT중공업,KOSPI,6,8,7,7,SNT DYNAMICS,운수장비,Transport_Equipment,0.0,0.0,0.0,0.0,-33.30275229357798,565473797.9757085
003060,에이프로젠제약,KOSPI,9,8,9,9,"Aprogen pharmaceuticals,Inc.",의약품,Medical_Supplies,0.0,0.0,0.0,0.0,-52.357723577235774,1582969687.4696355
128820,대성산업,KOSPI,8,9,5,8,DAESUNG INDUSTRIAL,유통업,Distribution,0.0,0.0,0.0,0.0,-0.9242144177449167,8412457813.340081
001130,대한제분,KOSPI,8,8,6,8,DaehanFlourMill,음식료품,Food_Beverages,0.0,0.0,0.0,0.0,-22.437673130193904,1403645491.902834
025000,KPX케미칼,KOSPI,7,9,9,8,KPXCHEMICAL,화학,Chemicals,0.0,0.0,0.0,0.0,-30.5635838150289,277706289.0688259
079980,휴비스,KOSPI,5,4,2,4,HUVIS,화학,Chemicals,0.0,0.0,0.0,0.0,-46.2280701754386,1520355876.3157897
012610,경인양행,KOSPI,9,8,7,8,KyunginSynthetic,화학,Chemicals,0.0,0.0,0.0,0.0,-20.334261838440117,2081225904.898785
000230,일동홀딩스,KOSPI,5,5,2,5,ILDONG HOLDINGS,의약품,Medical_Supplies,0.0,0.0,0.0,0.0,46.18055555555556,20275842382.186237
008040,사조동아원,KOSPI,8,7,4,7,SAJODONGAONE,음식료품,Food_Beverages,0.0,0.0,0.0,0.0,14.0893470790378,20482807505.951416
044450,KSS해운,KOSPI,5,3,2,4,KSS LINE,운수창고업,Transport_Storage,0.0,0.0,0.0,0.0,-19.9203187250996,1006392182.388664
033180,KH 필룩스,KOSPI,7,8,9,8,"KH FEELUX Co.,Ltd.",전기전자,Electrical_Electronic_Equipment,0.0,0.0,0.0,0.0,-55.21739130434783,5042334436.842105
039570,HDC아이콘트롤스,KOSPI,7,8,6,7,HDCLABS,건설업,Construction,0.0,0.0,0.0,0.0,-40.41666666666666,393147586.6396761
001270,부국증권,KOSPI,9,7,7,8,BookookSecurities,증권,Securities,0.0,0.0,0.0,0.0,-14.313725490196076,79215144.3319838
001940,KISCO홀딩스,KOSPI,6,8,8,7,KISCO Holdings,철강금속,Iron_Metal_Products,0.0,0.0,0.0,0.0,-34.88372093023256,537063181.9838057
200880,서연이화,KOSPI,5,5,1,5,SEOYONEHWA,운수장비,Transport_Equipment,0.0,0.0,0.0,0.0,-10.021786492374728,2424992978.4615383
031440,신세계푸드,KOSPI,5,4,1,4,SHINSEGAE FOOD,서비스업,Services,0.0,0.0,0.0,0.0,-43.44344344344344,984613089.4736842
002100,경농,KOSPI,7,8,8,7,Kyungnong,화학,Chemicals,0.0,0.0,0.0,0.0,-33.23353293413174,2494933936.8421054
011280,태림포장,KOSPI,7,9,9,8,Tailim Packaging,종이목재,Paper_Wood,0.0,0.0,0.0,0.0,-35.95854922279793,2438588796.3765182
001360,삼성제약,KOSPI,9,8,8,9,SAMSUNG PHARMACEUTICAL,의약품,Medical_Supplies,0.0,0.0,0.0,0.0,-62.09862385321101,4078087158.502024
035150,백산,KOSPI,8,8,7,8,Baiksan,화학,Chemicals,0.0,0.0,0.0,0.0,-4.7418335089567965,5734356702.874494
015360,예스코홀딩스,KOSPI,6,6,2,5,Yesco Holdings,서비스업,Services,0.0,0.0,0.0,0.0,-8.485639686684072,92250044.3319838
000540,흥국화재,KOSPI,7,4,2,5,HeungkukFire&MarineInsurance,보험,Insurance,0.0,0.0,0.0,0.0,-29.171151776103336,301569466.2145749
000680,LS네트웍스,KOSPI,9,8,6,8,LSNetworks,유통업,Distribution,0.0,0.0,0.0,0.0,-51.539855072463766,2948306191.963563
014280,금강공업,KOSPI,9,9,3,8,KUMKANG KIND,철강금속,Iron_Metal_Products,0.0,0.0,0.0,0.0,-16.113744075829384,1717808303.1983805
006880,신송홀딩스,KOSPI,9,9,7,8,SINGSONGHOLDINGS,유통업,Distribution,0.0,0.0,0.0,0.0,193.45794392523365,14131223957.91498
004360,세방,KOSPI,6,9,3,7,SEBANG,운수창고업,Transport_Storage,0.0,0.0,0.0,0.0,-28.95622895622896,893581338.7044535
002140,고려산업,KOSPI,9,9,7,8,KoreaIndustrial,음식료품,Food_Beverages,0.0,0.0,0.0,0.0,69.64285714285714,19739814453.097164
234080,JW생명과학,KOSPI,7,7,7,7,JW LIFESCIENCE,의약품,Medical_Supplies,0.0,0.0,0.0,0.0,-34.43877551020408,574529715.1821862
101530,해태제과식품,KOSPI,9,6,5,7,"Haitai Confectionery and Foods Co., Ltd.",음식료품,Food_Beverages,0.0,0.0,0.0,0.0,-31.9,688747625.6275303
001340,백광산업,KOSPI,6,8,7,7,PaikkwangIndustrial,화학,Chemicals,0.0,0.0,0.0,0.0,-31.906906906906908,5792591730.870445
011500,한농화성,KOSPI,9,8,8,8,HANNONGCHEMICALSINC.,화학,Chemicals,0.0,0.0,0.0,0.0,-10.48951048951049,12082539575.101215
002210,동성제약,KOSPI,9,9,6,9,DongsungPharmaceutical,의약품,Medical_Supplies,0.0,0.0,0.0,0.0,-27.02439024390244,935469021.1740892
007540,샘표,KOSPI,7,7,8,7,SEMPIO,기타금융,Other_Financial_Companies,0.0,0.0,0.0,0.0,10.843373493975903,7786076231.578947
005720,넥센,KOSPI,5,5,7,5,NEXEN,화학,Chemicals,0.0,0.0,0.0,0.0,-32.806691449814124,212571840.0809717
033920,무학,KOSPI,9,8,5,8,Muhak,음식료품,Food_Beverages,0.0,0.0,0.0,0.0,-25.7360959651036,3503952614.2510123
004560,현대비앤지스틸,KOSPI,4,3,3,4,HYUNDAI BNG STEEL,철강금속,Iron_Metal_Products,0.0,0.0,0.0,0.0,-39.04761904761905,3283878365.182186
000970,한국주철관,KOSPI,8,9,9,8,KoreaCastIronPipeInd,철강금속,Iron_Metal_Products,0.0,0.0,0.0,0.0,-18.55566700100301,1344424497.368421
036580,팜스코,KOSPI,5,5,2,5,FARMSCO,음식료품,Food_Beverages,0.0,0.0,0.0,0.0,-28.670360110803323,3978561200.48583
000390,삼화페인트,KOSPI,5,6,2,5,SamhwaPaintIndustrial,화학,Chemicals,0.0,0.0,0.0,0.0,-45.140562248995984,770733605.3846154
003160,디아이,KOSPI,9,8,6,8,DI,의료정밀,Medical_Precision_Machines,0.0,0.0,0.0,0.0,-24.268292682926827,3263581054.534413
013360,일성건설,KOSPI,7,9,6,8,IlsungConstruction,건설업,Construction,0.0,0.0,0.0,0.0,31.42329020332717,27594008670.74899
013570,디와이,KOSPI,7,9,4,7,DY Corporation,기타금융,Other_Financial_Companies,0.0,0.0,0.0,0.0,15.960912052117262,12352781208.05668
074610,이엔플러스,KOSPI,9,7,7,8,ENPLUS,기계,Machinery,0.0,0.0,0.0,0.0,-26.651735722284435,7889822409.089068
000430,대원강업,KOSPI,7,9,5,7,DaewonKangup,운수장비,Transport_Equipment,0.0,0.0,0.0,0.0,-32.55269320843091,1023659267.5506072
017550,수산중공업,KOSPI,9,8,5,8,SoosanHeavyIndustries,기계,Machinery,0.0,0.0,0.0,0.0,-23.765786452353616,8509929824.534413
005010,휴스틸,KOSPI,7,8,8,8,HUSTEEL,철강금속,Iron_Metal_Products,0.0,0.0,0.0,0.0,52.9616724738676,3057920935.222672
083420,그린케미칼,KOSPI,6,9,7,7,GREEN CHEMICAL,화학,Chemicals,0.0,0.0,0.0,0.0,-39.41666666666666,4073894979.02834
014160,대영포장,KOSPI,8,9,9,8,DaeyoungPackaging,종이목재,Paper_Wood,0.0,0.0,0.0,0.0,-37.09369024856596,17680637452.874493
094280,효성ITX,KOSPI,8,6,3,7,"HYOSUNG ITX Co., Ltd.",서비스업,Services,0.0,0.0,0.0,0.0,-33.78076062639821,711694982.5910931
007860,서연,KOSPI,5,5,3,5,SEOYON,기타금융,Other_Financial_Companies,0.0,0.0,0.0,0.0,-60.05376344086022,9034892960.0
004970,신라교역,KOSPI,9,9,4,9,Silla,"농업, 임업 및 어업",Agriculture_Forestry_Fishing,0.0,0.0,0.0,0.0,-22.82608695652174,230813785.22267208
090350,노루페인트,KOSPI,4,3,3,4,NOROO PAINT,화학,Chemicals,0.0,0.0,0.0,0.0,-34.71264367816092,5251055754.089068
092200,디아이씨,KOSPI,8,9,8,8,DAE-IL Corporation,운수장비,Transport_Equipment,0.0,0.0,0.0,0.0,-33.253205128205124,3654882043.6234818
282690,동아타이어,KOSPI,9,9,6,8,DONG AH TIRE,화학,Chemicals,0.0,0.0,0.0,0.0,-8.076923076923077,280295151.01214576
002700,신일전자,KOSPI,9,9,5,9,SHINIL ELECTRONICS,유통업,Distribution,0.0,0.0,0.0,0.0,13.902439024390246,10923383284.453442
006740,영풍제지,KOSPI,7,9,9,8,YoungpoongPaperMfg,종이목재,Paper_Wood,0.0,0.0,0.0,0.0,1.6042780748663104,6157239037.044535
006220,제주은행,KOSPI,7,3,1,4,Jeju Bank,은행,Banks,0.0,0.0,0.0,0.0,-30.23255813953488,1693394526.2955463
120030,조선선재,KOSPI,9,9,4,8,"CHOSUN WELDING POHANG Co., Ltd",기계,Machinery,0.0,0.0,0.0,0.0,-3.861003861003861,1451247665.5870445
012030,DB,KOSPI,9,7,4,7,DB Inc.,서비스업,Services,0.0,0.0,0.0,0.0,-24.265402843601898,1931197681.340081
267850,아시아나IDT,KOSPI,7,8,9,8,AsianaIDT,서비스업,Services,0.0,0.0,0.0,0.0,-43.99224806201551,1465095297.165992
015230,대창단조,KOSPI,6,9,3,7,DaechangForging,운수장비,Transport_Equipment,0.0,0.0,0.0,0.0,22.125813449023862,2842465616.8825912
015540,쎌마테라퓨틱스,KOSPI,9,8,9,9,THELMA Therapeutics,서비스업,Services,0.0,0.0,0.0,0.0,0.0,0.0
002170,삼양통상,KOSPI,7,9,3,7,SamyangTongsang,기타제조업,Other_Manufacturing_Industries,0.0,0.0,0.0,0.0,-34.394904458598724,257180264.77732792
004080,신흥,KOSPI,9,8,8,8,Shinhung,유통업,Distribution,0.0,0.0,0.0,0.0,3.154574132492113,188079786.03238863
014790,한라,KOSPI,5,4,4,5,HL D&I HALLA CORPORATION,건설업,Construction,0.0,0.0,0.0,0.0,-29.448398576512457,2514660438.866397
033530,세종공업,KOSPI,7,8,8,7,"SEJONG INDUSTRIAL CO., LTD.",운수장비,Transport_Equipment,0.0,0.0,0.0,0.0,-39.45054945054945,4433806809.898786
000700,유수홀딩스,KOSPI,9,7,1,7,EUSU HOLDINGS,서비스업,Services,0.0,0.0,0.0,0.0,-18.636995827538247,297482302.1052632
004960,한신공영,KOSPI,8,8,8,8,HanshinConstruction,건설업,Construction,0.0,0.0,0.0,0.0,-52.9980657640232,1189083579.3522267
004090,한국석유,KOSPI,7,7,3,6,KOREA PETROLEUM INDUSTRIES,비금속광물,Non_metallic_Mineral_Products,0.0,0.0,0.0,0.0,-24.53416149068323,26608387941.09312
004310,현대약품,KOSPI,7,7,5,7,Hyundai pharm,의약품,Medical_Supplies,0.0,0.0,0.0,0.0,-33.33333333333333,2111205711.94332
078520,에이블씨엔씨,KOSPI,8,6,6,7,ABLE C&C,화학,Chemicals,0.0,0.0,0.0,0.0,-45.14851485148515,508650929.8785425
000320,노루홀딩스,KOSPI,4,3,3,4,NorooHoldings,기타금융,Other_Financial_Companies,0.0,0.0,0.0,0.0,-25.874125874125877,425301831.98380566
000180,성창기업지주,KOSPI,9,8,9,9,SungchangEnterpriseHoldings,서비스업,Services,0.0,0.0,0.0,0.0,-26.497277676951,1269331940.910931
003650,미창석유,KOSPI,8,9,7,8,MichangOilInd,화학,Chemicals,0.0,0.0,0.0,0.0,-5.269320843091335,211099779.75708503
210540,디와이파워,KOSPI,7,9,5,8,DY POWER Corporation,기계,Machinery,0.0,0.0,0.0,0.0,-27.246376811594203,2792626757.6923075
000860,강남제비스코,KOSPI,6,7,6,7,KANGNAM JEVISCO,화학,Chemicals,0.0,0.0,0.0,0.0,-29.47019867549669,609438024.4939271
017040,광명전기,KOSPI,7,9,8,8,KWANG MYUNG ELECTRIC,전기전자,Electrical_Electronic_Equipment,0.0,0.0,0.0,0.0,-6.432748538011696,12196898067.00405
100840,SNT에너지,KOSPI,7,8,8,7,"SNTEnergy Co.,Ltd.",기계,Machinery,0.0,0.0,0.0,0.0,-23.42733188720173,1604296037.854251
010040,한국내화,KOSPI,7,7,8,7,KOREAREFRACTORIES,비금속광물,Non_metallic_Mineral_Products,0.0,0.0,0.0,0.0,-32.638164754953074,692828330.0202429
017900,광전자,KOSPI,7,8,6,7,AUK,전기전자,Electrical_Electronic_Equipment,0.0,0.0,0.0,0.0,-11.854684512428298,1899084252.9352224
001750,한양증권,KOSPI,9,6,9,8,HanyangSecurities,증권,Securities,0.0,0.0,0.0,0.0,-36.795252225519285,612817378.5425102
053690,한미글로벌,KOSPI,4,4,2,4,"HanmiGlobal Co., Ltd",서비스업,Services,0.0,0.0,0.0,0.0,-9.387755102040815,1862009169.3117409
004140,동방,KOSPI,6,9,8,8,DongbangTransport&Logistics,운수창고업,Transport_Storage,0.0,0.0,0.0,0.0,-55.41090317331163,7764900145.809716
014530,극동유화,KOSPI,7,8,6,8,KukdongOil&Chem.,화학,Chemicals,0.0,0.0,0.0,0.0,-25.588235294117645,4136396433.502024
004540,깨끗한나라,KOSPI,6,8,8,7,KleanNara,종이목재,Paper_Wood,0.0,0.0,0.0,0.0,-48.507462686567166,1827533195.910931
002450,삼익악기,KOSPI,9,9,6,9,SamickMusicalInstruments,기타제조업,Other_Manufacturing_Industries,0.0,0.0,0.0,0.0,-28.607594936708864,523893372.0647773
012800,대창,KOSPI,6,8,9,7,DAECHANG,철강금속,Iron_Metal_Products,0.0,0.0,0.0,0.0,-43.47826086956522,4628758458.400809
008260,NI스틸,KOSPI,9,9,9,9,NI STEEL,철강금속,Iron_Metal_Products,0.0,0.0,0.0,0.0,-19.47935368043088,1556002775.182186
267290,경동도시가스,KOSPI,6,5,3,5,KYUNGDONG CITY GAS,전기가스업,Electricity_Gas,0.0008939974457215838,0.07101811365061417,0.0,0.0,-14.056224899598394,2963994826.3157897
005430,한국공항,KOSPI,9,8,6,8,KoreaAirportService,운수창고업,Transport_Storage,0.0,0.0,0.0,0.0,-16.315789473684212,702456347.5708503
001260,남광토건,KOSPI,9,9,8,9,NamkwangEngineering&Construction,건설업,Construction,0.0002554278416347382,0.4814371637558904,0.0,5.1320649191509635e-05,-43.12312312312312,722429995.708502
019440,세아특수강,KOSPI,5,6,3,5,SeAH SPECIAL STEEL,철강금속,Iron_Metal_Products,0.0,0.0,0.0,0.0,-17.49271137026239,328470831.57894737
123690,한국화장품,KOSPI,9,7,8,8,HANKOOKCOSMETICS,유통업,Distribution,0.0,0.0,0.0,0.0,-34.59915611814346,887482422.0647774
093230,이아이디,KOSPI,9,9,9,9,E Investment&Development,유통업,Distribution,0.0,0.0,0.0,0.0,-77.22807644222183,11128667515.724695
006370,대구백화점,KOSPI,9,7,3,7,DaeguDepartmentStore,유통업,Distribution,0.0,0.0,0.0,0.0,-26.190476190476197,270164101.01214576
006380,카프로,KOSPI,7,8,4,7,CAPRO,화학,Chemicals,0.0,0.0,0.0,0.0,-39.73973973973974,2573384643.360324
012690,모나리자,KOSPI,7,9,8,8,Monalisa,종이목재,Paper_Wood,0.0,0.0,0.0,0.0,-41.66666666666667,2477187691.59919
012200,계양전기,KOSPI,7,7,5,7,KeyangElectricMachinery,기계,Machinery,0.0,0.0,0.0,0.0,-26.91664676379269,1768784907.299595
067830,세이브존I&C,KOSPI,9,8,9,9,SAVEZONEI&C,유통업,Distribution,0.0,0.0,0.0,0.0,-24.7074122236671,469659106.4979757
014580,태경비케이,KOSPI,8,8,8,8,TAEKYUNG BK,비금속광물,Non_metallic_Mineral_Products,0.0,0.0,0.0,0.0,-18.015414258188827,5525037826.862349
011150,CJ씨푸드,KOSPI,8,6,3,6,CJSEAFOODCORPORATION,음식료품,Food_Beverages,0.0,0.0,0.0,0.0,-31.59018143009605,2683658369.3927126
009440,KC그린홀딩스,KOSPI,9,9,4,8,KC Green Holdings,기타금융,Other_Financial_Companies,0.0,0.0,0.0,0.0,-2.985074626865672,927931785.931174
016880,웅진,KOSPI,9,6,6,7,WOONGJIN,서비스업,Services,0.0,0.0,0.0,0.0,-53.21543408360129,7719446976.072874
009810,플레이그램,KOSPI,9,8,9,9,Playgram,유통업,Distribution,0.0,0.0,0.0,0.0,30.785791173304627,4382117368.465587
004060,SG세계물산,KOSPI,9,8,9,9,SGCORPORATION,유통업,Distribution,0.00574712643678161,0.00397206048651168,0.013120701811703314,2.1976969167805614e-05,-34.65116279069768,2777017404.348178
023800,인지컨트롤스,KOSPI,9,8,8,9,InziControls,운수장비,Transport_Equipment,0.0,0.0,0.0,0.0,-55.34328358208956,1587978929.3927126
003560,IHQ,KOSPI,9,8,7,8,IHQ,서비스업,Services,0.0,0.0,0.0,0.0,-62.05655526992288,2862387430.854251
002360,SH에너지화학,KOSPI,7,9,4,8,SH ENERGY & CHEMICAL,화학,Chemicals,0.0010217113665389529,0.024757063735430726,0.39900764733513927,1.4048325299910767e-05,-16.666666666666664,11188190780.639675
020760,일진디스플,KOSPI,7,7,8,7,ILJIN DISPLAY,전기전자,Electrical_Electronic_Equipment,0.0,0.0,0.0,0.0,-46.33204633204633,1180591275.6275303
000300,대유플러스,KOSPI,9,9,9,9,DAYOUPLUS,전기전자,Electrical_Electronic_Equipment,0.0,0.0,0.0,0.0,-44.87654320987654,4824090541.821862
006340,대원전선,KOSPI,7,9,7,8,DaewonCable,전기전자,Electrical_Electronic_Equipment,0.0,0.0,0.0,0.0,-50.57096247960848,8716637628.765182
007110,일신석재,KOSPI,9,8,8,9,IlshinStone,유통업,Distribution,0.0,0.0,0.0,0.0,-43.06122448979592,9699659485.08097
004720,팜젠사이언스,KOSPI,9,8,9,9,PharmGen Science,의약품,Medical_Supplies,0.0,0.0,0.0,0.0,-42.16450216450217,6210204683.319839
000500,가온전선,KOSPI,6,7,4,6,GAONCABLE,전기전자,Electrical_Electronic_Equipment,0.0,0.0,0.0,0.0,-23.881319593332872,1013489486.2753036
025750,한솔홈데코,KOSPI,5,4,2,5,HansolHomeDeco,종이목재,Paper_Wood,0.0,0.0,0.0,0.0,-36.08490566037736,4692612184.109312
005740,크라운해태홀딩스,KOSPI,9,6,7,7,CROWNHAITAI Holdings,기타금융,Other_Financial_Companies,0.0,0.0,0.0,0.0,-38.701298701298704,1050663788.0161943
001290,상상인증권,KOSPI,9,7,9,9,SANGSANGININVESTMENT&SECURITIES,증권,Securities,0.0,0.0,0.0,0.0,-30.0,281753978.6923077
003350,한국화장품제조,KOSPI,8,8,7,8,HankookCosmeticsManufacturing,화학,Chemicals,0.0,0.0,0.0,0.0,-35.138888888888886,1001845821.0526316
013870,지엠비코리아,KOSPI,9,9,8,9,GMB Korea,운수장비,Transport_Equipment,0.0,0.0,0.0,0.0,-23.25905292479109,917786782.0647774
005800,신영와코루,KOSPI,9,8,7,8,ShinyoungWacoal,섬유의복,Textile_Wearing_Apparel,0.0,0.0,0.0,0.0,-6.349206349206349,116910405.46558703
023000,삼원강재,KOSPI,7,9,6,8,"SAMWONSTEEL Co., Ltd.",운수장비,Transport_Equipment,0.0,0.0,0.0,0.0,-31.63538873994638,150862660.1214575
002600,조흥,KOSPI,9,9,8,9,CHOHEUNG CORPORATION,음식료품,Food_Beverages,0.0,0.0,0.0,0.0,-13.283208020050123,45986878.54251012
002760,보락,KOSPI,9,9,7,9,Bolak,화학,Chemicals,0.0,0.0,0.0,0.0,-26.652452025586356,4314217899.02834
002220,한일철강,KOSPI,9,9,7,9,HanilIron&Steel,철강금속,Iron_Metal_Products,0.0,0.0,0.0,0.0,22.6984126984127,1352213412.9149797
005870,휴니드,KOSPI,8,7,5,7,HuneedTechnologies,전기전자,Electrical_Electronic_Equipment,0.0,0.0,0.0,0.0,-9.296781883194278,3931708073.279352
034300,신세계건설,KOSPI,7,5,2,5,ShinsegaeEngineering&Construction,건설업,Construction,0.0,0.0,0.0,0.0,-44.96208017334778,780878749.1902834
024890,대원화성,KOSPI,6,7,5,7,DaewonChemical,화학,Chemicals,0.0,0.0,0.0,0.0,-14.188034188034187,17562094480.06073
027740,마니커,KOSPI,9,7,8,8,MANIKER,음식료품,Food_Beverages,0.0,0.0,0.0,0.0,-57.80645161290323,3691102137.408907
002720,국제약품,KOSPI,9,8,3,8,Kukje Pharma,의약품,Medical_Supplies,0.0,0.0,0.0,0.0,-31.103678929765888,4495303003.635628
025820,이구산업,KOSPI,6,9,4,7,LeekuIndustrial,철강금속,Iron_Metal_Products,0.0,0.0,0.0,0.0,-28.538283062645007,8836777779.291498
010600,웰바이오텍,KOSPI,9,8,8,8,WELLBIOTEC,유통업,Distribution,0.0,0.0,0.0,0.0,-50.16835016835017,2510081222.9352226
004830,덕성,KOSPI,7,9,5,8,Duksung,화학,Chemicals,0.0,0.0,0.0,0.0,-73.70370370370371,23602996572.71255
004440,삼일씨엔에스,KOSPI,7,8,6,7,SAMIL C&S,비금속광물,Non_metallic_Mineral_Products,0.0,0.0,0.0,0.0,-46.917808219178085,493422836.1133604
011810,STX,KOSPI,9,7,5,8,STX,유통업,Distribution,0.0,0.0,0.0,0.0,-67.37864077669903,1073058304.271255
009460,한창제지,KOSPI,7,9,7,8,HanchangPaper,종이목재,Paper_Wood,0.0,0.0,0.0,0.0,-37.80718336483932,2160030903.097166
002880,대유에이텍,KOSPI,7,8,8,8,"DAYOU AUTOMOTIVE SEAT TECHNOLOGY CO.,LTD",운수장비,Transport_Equipment,0.0005108556832694764,0.17408224432688574,0.0,0.0,-41.245674740484425,8218236066.364372
091090,세원이앤씨,KOSPI,9,8,7,8,"SEWON E&C CO.,LTD.",기계,Machinery,0.0,0.0,0.0,0.0,-38.48454636091725,2757890110.275304
004410,서울식품,KOSPI,7,8,6,7,SeoulFoodInd,음식료품,Food_Beverages,0.0,0.0,0.0,0.0,-34.005037783375315,6200605547.271256
007590,동방아그로,KOSPI,9,9,5,8,DongbangAgro,화학,Chemicals,0.0,0.0,0.0,0.0,-20.22598870056497,874192353.8461539
031820,콤텍시스템,KOSPI,9,8,9,9,ComtecSystems,서비스업,Services,0.0,0.0,0.0,0.0,-27.38853503184713,2640613602.591093
016090,대현,KOSPI,9,8,3,8,Daehyun,섬유의복,Textile_Wearing_Apparel,0.0,0.0,0.0,0.0,-23.24324324324325,5123731299.65587
227840,현대코퍼레이션홀딩스,KOSPI,9,5,5,7,HYUNDAI CORPORATION HOLDINGS,유통업,Distribution,0.0,0.0,0.0,0.0,-28.424657534246577,1056430319.1497976
012170,아센디오,KOSPI,9,9,8,9,Ascendio,서비스업,Services,0.0001277139208173691,0.6251784895267184,0.0,0.0,-56.7434831885153,1478176919.979757
009180,한솔로지스틱스,KOSPI,6,6,2,6,Hansol Logistics,운수창고업,Transport_Storage,0.0,0.0,0.0,0.0,-22.52747252747253,10756253223.60324
008250,이건산업,KOSPI,9,9,5,8,EagonIndustrial,종이목재,Paper_Wood,0.0,0.0,0.0,0.0,-35.18796992481203,2638926304.6963563
016740,두올,KOSPI,7,8,4,7,DUAL,운수장비,Transport_Equipment,0.0,0.0,0.0,0.0,-42.41516966067864,4551618365.182186
002200,한국수출포장,KOSPI,6,8,5,7,KoreaExportPackagingIndustrial,종이목재,Paper_Wood,0.0,0.0,0.0,0.0,-16.236162361623617,518467521.659919
000650,천일고속,KOSPI,9,9,5,8,ChunilExpress,운수창고업,Transport_Storage,0.0,0.0,0.0,0.0,-18.14621409921671,44843346.55870445
006660,삼성공조,KOSPI,8,9,6,8,"SamsungClimateControlCo.,Ltd",운수장비,Transport_Equipment,0.0,0.0,0.0,0.0,-50.888888888888886,1874652314.3724697
001140,국보,KOSPI,9,9,9,9,KUKBO,운수창고업,Transport_Storage,0.0,0.0,0.0,0.0,-15.463917525773196,4156360799.251012
047400,유니온머티리얼,KOSPI,7,9,8,8,Union Materials Corp.,비금속광물,Non_metallic_Mineral_Products,0.0,0.0,0.0,0.0,-45.90570719602978,5061379557.550608
007980,태평양물산,KOSPI,8,7,7,7,PAN-PACIFIC,섬유의복,Textile_Wearing_Apparel,0.0001277139208173691,0.0,0.0,1.539542498620358e-05,-33.09481216457961,1840674532.8137653
009320,대우부품,KOSPI,9,8,7,8,DAEWOO ELECTRONIC COMPONENTS,운수장비,Transport_Equipment,0.0,0.0,0.0,0.0,-27.047619047619047,3482772872.71255
155660,DSR,KOSPI,7,8,7,7,DSR CORP,철강금속,Iron_Metal_Products,0.0,0.0,0.0,0.0,-23.601637107776263,3943338797.651822
134790,시디즈,KOSPI,7,9,9,8,"Sidiz,Inc",기타제조업,Other_Manufacturing_Industries,0.0,0.0,0.0,0.0,-39.39393939393939,134167774.89878544
004840,DRB동일,KOSPI,6,5,5,6,"DRB Holding Co.,Ltd",화학,Chemicals,0.0,0.0,0.0,0.0,-43.875,244915371.01214576
101140,인바이오젠,KOSPI,9,9,9,9,INBIOGEN,유통업,Distribution,0.00038314176245210735,0.08776443930419181,0.9333333329656228,5.3399031564647124e-05,-49.00459418070445,10968252195.303644
002630,오리엔트바이오,KOSPI,9,8,9,9,ORIENTBIO,의약품,Medical_Supplies,0.0,0.0,0.0,0.0,-55.6838905775076,1727806942.1133604
003720,삼영화학,KOSPI,6,9,8,8,SamyoungChemical,화학,Chemicals,0.0,0.0,0.0,0.0,-16.16,3379747182.813765
163560,동일고무벨트,KOSPI,6,6,6,6,DRB Industrial,화학,Chemicals,0.0,0.0,0.0,0.0,-36.6,743996975.3036437
006090,사조오양,KOSPI,9,7,9,8,OYANG,음식료품,Food_Beverages,0.0,0.0,0.0,0.0,-20.515021459227462,715592700.1214575
000910,유니온,KOSPI,7,8,7,7,Union,비금속광물,Non_metallic_Mineral_Products,0.0,0.0,0.0,0.0,-31.00490196078432,6693240161.437247
013700,까뮤이앤씨,KOSPI,9,8,5,8,CAMUS ENGINEERING & CONSTRUCTION Inc.,건설업,Construction,0.0,0.0,0.0,0.0,-29.684601113172544,13096216746.012146
013520,화승코퍼레이션,KOSPI,5,6,3,5,Hwaseung Corporation,운수장비,Transport_Equipment,0.0006385696040868455,0.2311990852009394,0.0,1.8851697895606285e-05,-53.37931034482759,2443262043.3400807
011330,유니켐,KOSPI,7,8,5,7,"UNI CHEM.CO.,LTD",기타제조업,Other_Manufacturing_Industries,0.0,0.0,0.0,0.0,-34.39306358381503,481285218.5020243
071090,하이스틸,KOSPI,7,8,5,7,"HISTEEL CO., LTD.",철강금속,Iron_Metal_Products,0.0,0.0,0.0,0.0,14.698162729658792,11074688192.024292
058850,KTcs,KOSPI,5,4,1,4,ktcs corporation,서비스업,Services,0.0,0.0,0.0,0.0,-43.69627507163324,674628331.2145749
133820,화인베스틸,KOSPI,7,9,8,8,FINEBESTEEL,철강금속,Iron_Metal_Products,0.0,0.0,0.0,0.0,-4.794520547945205,1157645665.4655871
011390,부산산업,KOSPI,9,9,7,9,BusanIndustrial,비금속광물,Non_metallic_Mineral_Products,0.0,0.0,0.0,0.0,-46.53333333333333,953362266.8016194
129260,인터지스,KOSPI,7,9,4,7,INTERGIS,운수창고업,Transport_Storage,0.0,0.0,0.0,0.0,-36.76148796498906,1143515521.8218625
000950,전방,KOSPI,8,8,8,8,Chonbang,섬유의복,Textile_Wearing_Apparel,0.0,0.0,0.0,0.0,21.35102533172497,121688237.24696356
023350,한국종합기술,KOSPI,6,8,4,7,Korea Engineering Consultants Corp.,서비스업,Services,0.0,0.0,0.0,0.0,-30.638297872340424,3809998651.862348
058860,KTis,KOSPI,4,3,1,4,ktis Corporation,서비스업,Services,0.0,0.0,0.0,0.0,-24.9609984399376,298103334.51417005
012320,경동인베스트,KOSPI,6,5,3,5,KYUNGDONG INVEST,기타금융,Other_Financial_Companies,0.0,0.0,0.0,0.0,-13.30049261083744,141998353.2388664
111110,호전실업,KOSPI,9,8,3,8,Hojeon,섬유의복,Textile_Wearing_Apparel,0.0,0.0,0.0,0.0,-42.6027397260274,1258407072.7530365
143210,핸즈코퍼레이션,KOSPI,7,8,4,7,HANDS CORPORATION,운수장비,Transport_Equipment,0.0,0.0,0.0,0.0,-44.37596302003082,224362976.1538461
011090,에넥스,KOSPI,7,8,8,7,Enex,기타제조업,Other_Manufacturing_Industries,0.0,0.0,0.0,0.0,-55.09554140127389,6707993901.882591
021820,세원정공,KOSPI,9,8,9,8,SewonPrecisionIndustry,운수장비,Transport_Equipment,0.0,0.0,0.0,0.0,0.0,0.0
004910,조광페인트,KOSPI,7,6,8,7,ChokwangPaint,화학,Chemicals,0.0001277139208173691,0.11701925277640801,1.0,9.726059735034112e-05,-24.64622641509434,811152272.8340081
118000,우리들휴브레인,KOSPI,9,8,9,8,"CHOROKBAEM HEALTHCARE.CO,.LTD",유통업,Distribution,0.0,0.0,0.0,0.0,-48.36065573770492,966193737.9757084
004450,삼화왕관,KOSPI,6,8,6,7,SamhwaCrown&Closure,기계,Machinery,0.0,0.0,0.0,0.0,-18.446601941747574,544201050.8097166
027970,세하,KOSPI,6,8,8,7,seha,종이목재,Paper_Wood,0.0,0.0,0.0,0.0,-38.96396396396396,731012608.9676113
012160,영흥,KOSPI,7,8,6,7,YOUNGWIRE,철강금속,Iron_Metal_Products,0.0,0.0,0.0,0.0,-38.87550200803213,640273572.5951416
025620,제이준코스메틱,KOSPI,9,9,7,8,Jayjun Cosmetic,화학,Chemicals,0.0,0.0,0.0,0.0,-33.33333333333333,2971536552.854251
010100,한국프랜지,KOSPI,7,7,7,7,KoreaFlange,운수장비,Transport_Equipment,0.0,0.0,0.0,0.0,-31.471389645776565,742992498.340081
006980,우성,KOSPI,9,8,6,8,WOOSUNG,음식료품,Food_Beverages,0.0,0.0,0.0,0.0,-31.9838056680162,2028771493.9271252
090080,평화산업,KOSPI,6,9,5,7,"Pyung Hwa Industrial Co., Ltd.",운수장비,Transport_Equipment,0.0,0.0,0.0,0.0,-23.809523809523807,3750906969.979757
023960,에쓰씨엔지니어링,KOSPI,8,9,9,8,SC ENGINEERING,건설업,Construction,0.0,0.0,0.0,0.0,-44.90690032858707,1827073518.9676116
002920,유성기업,KOSPI,6,9,8,8,YoosungEnterprise,운수장비,Transport_Equipment,0.0,0.0,0.0,0.0,-28.30188679245283,358309866.3360324
001020,페이퍼코리아,KOSPI,6,8,9,7,PaperCorea Inc.,종이목재,Paper_Wood,0.0,0.0,0.0,0.0,-32.42677824267782,1858526066.1133604
008420,문배철강,KOSPI,9,9,7,9,MoonbaeSteel,철강금속,Iron_Metal_Products,0.0,0.0,0.0,0.0,-31.64794007490637,4400833107.692307
026940,부국철강,KOSPI,9,9,6,9,Bookook Steel,철강금속,Iron_Metal_Products,0.0,0.0,0.0,0.0,-24.720244150559516,11737438184.51417
005110,한창,KOSPI,9,8,8,8,Hanchang,유통업,Distribution,0.0,0.0,0.0,0.0,-30.689655172413797,4684170480.862349
069730,DSR제강,KOSPI,7,8,5,7,DSRWIRECORP,철강금속,Iron_Metal_Products,0.0,0.0,0.0,0.0,-30.04261363636364,4741892085.870445
008870,금비,KOSPI,8,8,8,8,Kumbi,비금속광물,Non_metallic_Mineral_Products,0.0,0.0,0.0,0.0,-14.026602176541717,162779786.63967612
049800,우진플라임,KOSPI,7,9,8,8,"WOOJIN PLAIMM CO., LTD",기계,Machinery,0.0,0.0,0.0,0.0,-9.090909090909092,486408992.22672063
015260,에이엔피,KOSPI,7,9,7,8,AUTOMOBILE&PCB,전기전자,Electrical_Electronic_Equipment,0.0,0.0,0.0,0.0,39.05325443786983,1312306188.562753
009770,삼정펄프,KOSPI,8,9,8,8,"SAM JUNG PULP CO,.LTD.",종이목재,Paper_Wood,0.0,0.0,0.0,0.0,-24.403927068723704,87624262.95546558
021050,서원,KOSPI,6,8,6,7,Seowon,철강금속,Iron_Metal_Products,0.0,0.0,0.0,0.0,-48.67724867724868,3531254129.02834
002690,동일제강,KOSPI,8,9,7,8,"DONG IL STEEL MFG CO., LTD",철강금속,Iron_Metal_Products,0.0,0.0,0.0,0.0,-24.21857431976613,3184957623.0
092780,동양피스톤,KOSPI,6,9,5,7,DONGYANG PISTON,운수장비,Transport_Equipment,0.0,0.0,0.0,0.0,-19.02439024390244,5549530926.194332
001380,SG글로벌,KOSPI,8,9,9,8,SG GLOBAL,운수장비,Transport_Equipment,0.0,0.0,0.0,0.0,-63.795423956931366,767261575.2834008
005360,모나미,KOSPI,9,9,6,8,Monami,유통업,Distribution,0.0,0.0,0.0,0.0,-43.882544861337685,2042024247.591093
006200,한국전자홀딩스,KOSPI,6,7,7,7,KEC HOLDINGS,기타금융,Other_Financial_Companies,0.0,0.0,0.0,0.0,-4.745762711864407,3055297511.639676
004870,티웨이홀딩스,KOSPI,9,9,7,9,T'way Holdings,비금속광물,Non_metallic_Mineral_Products,0.0,0.0,0.0,0.0,-60.22889842632332,539266316.2793522
002820,SUN&L,KOSPI,7,8,6,7,SUN&L,종이목재,Paper_Wood,0.0,0.0,0.0,0.0,-26.552287581699343,98467211.53846154
000040,KR모터스,KOSPI,9,8,8,9,KR MOTORS,운수장비,Transport_Equipment,0.0,0.0,0.0,0.0,-49.88047808764941,541805370.2510121
006570,대림통상,KOSPI,7,9,9,8,DaelimTrading,기계,Machinery,0.0,0.0,0.0,0.0,-8.409090909090908,79043114.12955466
014990,인디에프,KOSPI,9,8,8,8,In the F,섬유의복,Textile_Wearing_Apparel,0.0,0.0,0.0,0.0,-46.95652173913044,1539001091.7732794
010660,화천기계,KOSPI,9,8,9,9,HWACHEON MACHINERY,기계,Machinery,0.0,0.0,0.0,0.0,-8.170515097690942,553129617.145749
019180,티에이치엔,KOSPI,8,8,5,7,THN CORPORATION,전기전자,Electrical_Electronic_Equipment,0.0,0.0,0.0,0.0,-22.09450830140485,3873464625.991903
015020,이스타코,KOSPI,9,9,8,9,e-STARCO,서비스업,Services,0.0,0.0,0.0,0.0,-82.22222222222221,12669731868.036438
001620,케이비아이동국실업,KOSPI,7,9,9,8,KBI DONGKOOK IND,운수장비,Transport_Equipment,0.0,0.0,0.0,0.0,-57.3943661971831,1424732989.4817815
005820,원림,KOSPI,9,8,5,8,Wonlim,섬유의복,Textile_Wearing_Apparel,0.0,0.0,0.0,0.0,-15.427509293680297,143290416.80161944
123700,SJM,KOSPI,8,8,6,7,"SJM CO.,LTD",운수장비,Transport_Equipment,0.0,0.0,0.0,0.0,-39.07056798623064,266480739.5748988
004100,태양금속,KOSPI,6,9,7,7,TaeyangMetalIndustrial,운수장비,Transport_Equipment,0.0,0.0,0.0,0.0,-16.15598885793872,2093432953.117409
010640,진양폴리,KOSPI,9,9,6,8,ChinYangPolyurethane,화학,Chemicals,0.0,0.0,0.0,0.0,28.57142857142857,1054959821.2550608
002070,비비안,KOSPI,9,9,9,9,VIVIEN CORPORATION,섬유의복,Textile_Wearing_Apparel,0.0,0.0,0.0,0.0,-59.90939977349944,3115147563.502024
024070,WISCOM,KOSPI,8,9,6,8,WISCOM,화학,Chemicals,0.0,0.0,0.0,0.0,-47.3257698541329,534335755.2226721
004920,씨아이테크,KOSPI,9,8,9,9,CITECH,기타제조업,Other_Manufacturing_Industries,0.0,0.0,0.0,0.0,-20.477815699658706,1090128039.48583
093240,형지엘리트,KOSPI,9,7,8,8,HYUNGJI ELITE,섬유의복,Textile_Wearing_Apparel,0.0,0.0,0.0,0.0,-73.35581787521079,1899882391.052632
044380,주연테크,KOSPI,9,8,9,9,JOOYONTECH,전기전자,Electrical_Electronic_Equipment,0.0,0.0,0.0,0.0,-31.83673469387755,6091204228.805668
011420,갤럭시아에스엠,KOSPI,9,9,8,9,GALAXIA SM,서비스업,Services,0.0,0.0,0.0,0.0,-21.53846153846154,6259968247.246964
025530,SJM홀딩스,KOSPI,8,8,7,8,SJM HOLDINGS,유통업,Distribution,0.0,0.0,0.0,0.0,-39.04382470119522,197850943.56275305
012600,센트럴인사이트,KOSPI,9,9,9,9,CENTRAL INSIGHT,기계,Machinery,0.0,0.0,0.0,0.0,0.0,0.0
010400,우진아이엔에스,KOSPI,7,9,4,8,WOOJINI&S,건설업,Construction,0.0,0.0,0.0,0.0,-31.34831460674157,159690191.98380566
084670,동양고속,KOSPI,8,8,4,8,DONGYANG EXPRESS CORP.,운수창고업,Transport_Storage,0.0,0.0,0.0,0.0,-39.20792079207921,89927600.8097166
000760,이화산업,KOSPI,9,9,8,9,RIFA,유통업,Distribution,0.0,0.0,0.0,0.0,-26.06635071090048,46212907.692307696
030720,동원수산,KOSPI,9,9,4,8,DongwonFisheries,"농업, 임업 및 어업",Agriculture_Forestry_Fishing,0.0,0.0,0.0,0.0,-2.6178010471204187,3020598885.668016
007120,미래아이앤지,KOSPI,9,8,9,9,MiraeING,서비스업,Services,0.0,0.0,0.0,0.0,-54.86600846262342,697028460.9919028
018500,동원금속,KOSPI,9,9,4,8,DONGWON METAL,운수장비,Transport_Equipment,0.0,0.0,0.0,0.0,-19.36936936936937,232495179.84615383
003680,한성기업,KOSPI,9,8,8,8,HansungEnterprise,음식료품,Food_Beverages,0.0,0.0,0.0,0.0,-24.53703703703704,3228894959.7975707
009140,경인전자,KOSPI,9,9,7,9,KyunginElectronics,전기전자,Electrical_Electronic_Equipment,0.0,0.0,0.0,0.0,-23.244929797191887,409767309.3117409
001420,태원물산,KOSPI,8,9,8,8,TaewonMulsan,운수장비,Transport_Equipment,0.0,0.0,0.0,0.0,-11.46788990825688,445558187.9554656
001770,SHD,KOSPI,9,9,8,9,SHIN HWA DYNAMICS,철강금속,Iron_Metal_Products,0.0,0.0,0.0,0.0,1.549053356282272,511801506.680162
001210,금호전기,KOSPI,7,7,6,7,KumhoElectric,전기전자,Electrical_Electronic_Equipment,0.0,0.0,0.0,0.0,-57.70392749244713,1020814371.0526316
011230,삼화전자,KOSPI,9,8,8,8,SamwhaElectronics,전기전자,Electrical_Electronic_Equipment,0.0,0.0,0.0,0.0,-26.745562130177515,656094415.9109312
025890,한국주강,KOSPI,9,9,9,9,HankookSteel,기계,Machinery,0.0,0.0,0.0,0.0,4.291044776119403,2419431213.178138
010420,한솔PNS,KOSPI,5,6,3,5,HANSOLPNS,유통업,Distribution,0.0,0.0,0.0,0.0,-41.36622390891841,1112509872.0850203
071950,코아스,KOSPI,7,9,4,7,KOAS,기타제조업,Other_Manufacturing_Industries,0.0,0.0,0.0,0.0,-34.4,595168832.0769231
008500,일정실업,KOSPI,8,9,9,8,IljeongIndustrial,섬유의복,Textile_Wearing_Apparel,0.0,0.0,0.0,0.0,-7.249999999999999,296659612.9554656
030790,비케이탑스,KOSPI,9,8,9,9,BK TOPS,서비스업,Services,0.0001277139208173691,0.11701925277640801,1.0,2.2885299241991624e-05,-91.5906976744186,4158175209.935223
263750,펄어비스,KOSDAQ,9,8,7,8,PearlAbyss Corp.,디지털컨텐츠,Digital_Contents,0.0,0.0,0.0,0.0,-29.301075268817208,92983729086.23482
247540,에코프로비엠,KOSDAQ,6,7,5,6,"ECOPRO BM CO., LTD.",일반전기전자,Electric_Electronics,0.0,0.0,0.0,0.0,134.75267819159222,146603067737.4494
253450,스튜디오드래곤,KOSDAQ,9,6,3,7,Studio Dragon Corporation,오락·문화,Recreation_Culture,0.0,0.0,0.0,0.0,-27.43455497382199,12009751261.538462
278280,천보,KOSDAQ,9,8,6,8,"Chunbo Co., Ltd.",화학,Chemicals,0.0,0.0,0.0,0.0,24.27556041552761,37190440240.890686
035760,CJ ENM,KOSDAQ,7,3,2,5,"CJ ENM CO., Ltd.",방송서비스,Broadcasting,0.0,0.0,0.0,0.0,-46.74094707520892,17496603159.10931
058470,리노공업,KOSDAQ,9,8,7,8,LEENO Industrial Inc,반도체,Semiconductors,0.002554278416347382,0.12109686761681174,0.7272456244644444,3.233039247102752e-07,-25.94686263425664,8357606876.923077
112040,위메이드,KOSDAQ,9,8,5,8,"Wemade Co., Ltd.",디지털컨텐츠,Digital_Contents,0.0,0.0,0.0,0.0,114.96815286624204,163441907318.92712
096530,씨젠,KOSDAQ,9,9,9,9,Seegene Inc.,제약,Pharmaceuticals,0.0,0.0,0.0,0.0,-55.208333333333336,72242488768.21863
086520,에코프로,KOSDAQ,6,6,3,6,"ECOPRO CO., LTD",금융,Financials,0.0,0.0,0.0,0.0,72.5028638170751,77755497619.51418
035900,JYP Ent.,KOSDAQ,9,8,8,8,JYP Entertainment Corporation,오락·문화,Recreation_Culture,0.0,0.0,0.0,0.0,23.77358490566038,30444358118.42105
237690,에스티팜,KOSDAQ,5,5,3,5,"ST Pharm Co., Ltd.",제약,Pharmaceuticals,0.0,0.0,0.0,0.0,-19.58855098389982,18760309717.813766
005290,동진쎄미켐,KOSDAQ,4,7,8,6,"DONGJIN SEMICHEM CO., LTD.",반도체,Semiconductors,0.003575989782886335,0.028345718200271878,0.38654059771248267,1.3524880850379846e-05,20.884955752212388,57411688625.50607
108320,LX세미콘,KOSDAQ,6,6,3,6,LX Semicon,반도체,Semiconductors,0.0007662835249042147,0.5515420053735239,0.0,7.689618158198423e-06,-16.76253081347576,32310030905.26316
041510,에스엠,KOSDAQ,9,8,7,8,"SM ENTERTAINMENT CO., Ltd.",오락·문화,Recreation_Culture,0.0,0.0,0.0,0.0,8.952702702702704,48719239420.64777
240810,원익IPS,KOSDAQ,5,5,5,5,"WONIK IPS Co.,Ltd.",반도체,Semiconductors,0.0016602809706257984,0.028345718200271878,0.38654059771248267,5.465375870102271e-07,-36.69724770642202,16293234853.846151
048260,오스템임플란트,KOSDAQ,8,7,8,8,"OSSTEM IMPLANT.CO.,Ltd",의료·정밀기기,Medical_Precision_Machines,0.007918263090676884,0.007743816445975738,0.026301163004735614,1.0545866115549453e-05,9.472240967468965,19771095969.894737
064760,티씨케이,KOSDAQ,7,8,5,7,"TOKAI CARBON KOREA CO., LTD",반도체,Semiconductors,0.0,0.0,0.0,0.0,-43.499511241446726,6876414612.145749
145020,휴젤,KOSDAQ,9,6,5,8,"Hugel, Inc.",제약,Pharmaceuticals,0.0,0.0,0.0,0.0,-55.77085088458298,13193512032.388664
025900,동화기업,KOSDAQ,7,8,9,8,"DONGWHA ENTERPRISE CO., LTD.",종이·목재,Paper_Wood_Products,0.0,0.0,0.0,0.0,-5.547652916073969,14684814595.951418
034230,파라다이스,KOSDAQ,9,7,5,8,Paradise Company Limited,오락·문화,Recreation_Culture,0.0,0.0,0.0,0.0,-24.45054945054945,11588890579.757086
141080,레고켐바이오,KOSDAQ,9,9,6,9,LegoChem Biosciences Inc.,기타서비스,Other_Services,0.0,0.0,0.0,0.0,-26.56546489563567,14999478544.534412
137400,피엔티,KOSDAQ,8,9,5,8,"People & Technology, Inc.",기계·장비,Machinery,0.0,0.0,0.0,0.0,98.559670781893,18751679706.68016
039030,이오테크닉스,KOSDAQ,9,9,6,9,"EO Technics Co., Ltd.",반도체,Semiconductors,0.0,0.0,0.0,0.0,-28.94961571306576,9012620878.137651
098460,고영,KOSDAQ,6,5,4,5,Koh Young Technology Inc.,기계·장비,Machinery,0.0,0.0,0.0,0.0,-40.29535864978903,5214286568.016194
003380,하림지주,KOSDAQ,5,6,2,6,"Harim Holdings Co., Ltd.",금융,Financials,0.0017879948914431675,0.06407156623462396,0.3386794611624356,7.335920005926006e-06,-21.60377358490566,3494640054.736842
215200,메가스터디교육,KOSDAQ,9,8,7,8,MegaStudyEdu Co. Ltd,기타서비스,Other_Services,0.0,0.0,0.0,0.0,18.2089552238806,5345987957.489879
078340,컴투스,KOSDAQ,9,8,3,8,Com2uS Corporation,디지털컨텐츠,Digital_Contents,0.0,0.0,0.0,0.0,-41.09149277688604,46979473708.50202
067160,아프리카TV,KOSDAQ,9,8,5,8,"AfreecaTV Co., Ltd.",소프트웨어,Software,0.012260536398467435,0.010643939117257896,0.15354255089335292,1.576491518587247e-05,-27.111111111111114,22092368825.91093
144510,지씨셀,KOSDAQ,9,9,8,9,GC CELL,기타서비스,Other_Services,0.0,0.0,0.0,0.0,-41.51547491995731,9723354179.757086
030190,NICE평가정보,KOSDAQ,7,5,8,6,"NICE Information Service Co., Ltd.",기타서비스,Other_Services,0.0,0.0,0.0,0.0,-39.84526112185687,2286896126.923077
053800,안랩,KOSDAQ,6,6,2,5,"AHNLAB,INC.",소프트웨어,Software,0.0,0.0,0.0,0.0,23.949579831932773,49045192562.75304
086450,동국제약,KOSDAQ,9,8,8,8,"DongKook Pharmaceutical Co.,Ltd.",제약,Pharmaceuticals,0.0,0.0,0.0,0.0,-30.96085409252669,2225161837.651822
048410,현대바이오,KOSDAQ,9,8,9,9,"HYUNDAI BIOSCIENCE CO., LTD.",화학,Chemicals,0.0,0.0,0.0,0.0,-38.16689466484268,55283714341.29555
039200,오스코텍,KOSDAQ,9,9,8,9,OSCOTEC Inc.,제약,Pharmaceuticals,0.0,0.0,0.0,0.0,-30.040105103028623,7726151121.906882
036540,SFA반도체,KOSDAQ,5,7,9,6,"SFA Semicon Co., Ltd",반도체,Semiconductors,0.0,0.0,0.0,0.0,-28.936742934051143,10186163518.82591
122870,와이지엔터테인먼트,KOSDAQ,9,8,7,8,YG Entertainment Inc.,오락·문화,Recreation_Culture,0.0,0.0,0.0,0.0,-10.615079365079366,22469546979.1498
085660,차바이오텍,KOSDAQ,9,9,9,9,"Chabiotech Co.,Ltd.",제약,Pharmaceuticals,0.0,0.0,0.0,0.0,-51.10732538330494,9210025652.22672
200130,콜마비앤에이치,KOSDAQ,9,8,4,8,"KolmarBNH Co., Ltd",제약,Pharmaceuticals,0.0,0.0,0.0,0.0,-46.31474103585657,4113178560.323887
095700,제넥신,KOSDAQ,9,8,8,8,"Genexine, Inc.",기타서비스,Other_Services,0.0,0.0,0.0,0.0,-65.64625850340136,12007735229.554655
000250,삼천당제약,KOSDAQ,9,8,8,8,SAM CHUN DANG PHARM CO. LTD,제약,Pharmaceuticals,0.0,0.0,0.0,0.0,-34.644194756554306,11036021346.761131
084850,아이티엠반도체,KOSDAQ,5,5,3,5,"ITM Semiconductor Co., Ltd",반도체,Semiconductors,0.0,0.0,0.0,0.0,-35.37688442211056,2447157785.222672
214450,파마리서치,KOSDAQ,9,7,4,8,PharmaResearch,제약,Pharmaceuticals,0.0,0.0,0.0,0.0,-20.61503416856492,7241975886.639676
272290,이녹스첨단소재,KOSDAQ,6,9,5,7,"INNOX Advanced Materials Co., Ltd.",IT부품,IT_Components,0.0,0.0,0.0,0.0,7.680491551459294,18615313218.016197
069080,웹젠,KOSDAQ,9,7,4,8,Webzen Inc.,디지털컨텐츠,Digital_Contents,0.0008939974457215838,0.02340385011029887,0.3386794611624356,1.7473807359341065e-06,-37.95379537953795,9909511746.963562
046890,서울반도체,KOSDAQ,7,6,4,6,"SEOUL SEMICONDUCTOR CO., LTD.",반도체,Semiconductors,0.0,0.0,0.0,0.0,-42.85714285714285,6430598175.101214
151860,KG ETS,KOSDAQ,5,9,8,7,"KG Eco Technology Services Co., Ltd.",기타서비스,Other_Services,0.0017879948914431675,0.009034453261942913,0.02741359923548918,2.8250604849683574e-06,-15.144230769230768,40893548758.90688
182400,엔케이맥스,KOSDAQ,9,8,9,9,"NKMAX Co., Ltd.",제약,Pharmaceuticals,0.0,0.0,0.0,0.0,8.88888888888889,20736559850.404858
025980,아난티,KOSDAQ,9,8,9,9,Ananti Inc.,숙박·음식,Hotels_Restaurants,0.0002554278416347382,0.05290803746789313,0.0,0.0,-30.55837563451777,28577495115.344128
218410,RFHIC,KOSDAQ,9,9,8,9,RFHIC CORPORATION,일반전기전자,Electric_Electronics,0.0,0.0,0.0,0.0,-42.33766233766234,5849992384.412955
290510,코리아센터,KOSDAQ,9,8,3,8,"Koreacenter Co.,Ltd.",소프트웨어,Software,0.041890166028097066,0.006629308245218761,0.020141858247402243,9.860769703663394e-06,-36.48816936488169,4615466622.834008
178320,서진시스템,KOSDAQ,8,9,8,8,"SEOJIN SYSTEM CO., LTD",통신장비,Telecom_Broadcasting_Equipment,0.0,0.0,0.0,0.0,-27.215338955104347,8385330694.7651825
033290,코웰패션,KOSDAQ,8,9,7,8,"COWELL FASHION CO.,LTD",유통,Distribution,0.0,0.0,0.0,0.0,-0.1577287066246056,6930207725.62753
060250,NHN한국사이버결제,KOSDAQ,9,8,7,8,NHN KCP Corp.,소프트웨어,Software,0.0,0.0,0.0,0.0,-62.98421807747489,5498448882.858299
091700,파트론,KOSDAQ,9,7,5,8,"PARTRON CO., LTD",IT부품,IT_Components,0.0019157088122605365,0.11352831387406923,0.7272456244644444,1.9321258357685493e-06,-15.53398058252427,8236318794.817814
051500,CJ프레시웨이,KOSDAQ,6,4,1,5,CJ Freshway Corporation,유통,Distribution,0.0001277139208173691,0.1037342187736199,0.5546245318746768,1.0261050753304687e-05,21.36627906976744,3058450062.145749
235980,메드팩토,KOSDAQ,9,9,4,8,"MedPacto, Inc.",기타서비스,Other_Services,0.0,0.0,0.0,0.0,-65.5223880597015,10296169049.797571
038540,상상인,KOSDAQ,9,9,9,9,"Sangsangin Co., Ltd.",컴퓨터서비스,Computer_Services,0.0,0.0,0.0,0.0,12.372448979591836,3541232620.9311743
089980,상아프론테크,KOSDAQ,8,7,8,7,"SANG-A FRONTEC CO., LTD.",화학,Chemicals,0.0,0.0,0.0,0.0,-34.19078242229367,14252970098.785423
092040,아미코젠,KOSDAQ,9,7,9,8,"Amicogen, Inc.",음식료·담배,Food_Beverage_Tobacco,0.0,0.0,0.0,0.0,-46.81093394077448,5250433204.65587
041960,코미팜,KOSDAQ,9,8,5,8,"KOMIPHARM INTERNATIONAL CO., LTD.",제약,Pharmaceuticals,0.0,0.0,0.0,0.0,-37.62557077625571,3713282631.497976
033640,네패스,KOSDAQ,6,7,9,7,NEPES Corporation,반도체,Semiconductors,0.00038314176245210735,0.06407156623462396,0.0,0.0,-48.930817610062896,8129950866.599191
243840,신흥에스이씨,KOSDAQ,9,9,8,9,"SHIN HEUNG ENERGY & ELECTRONICS CO., LTD.",IT부품,IT_Components,0.0,0.0,0.0,0.0,8.98876404494382,10446825365.789474
101490,에스앤에스텍,KOSDAQ,9,9,6,9,S&S TECH CORPORATION,반도체,Semiconductors,0.0,0.0,0.0,0.0,-39.30197268588771,9629857724.898785
029960,코엔텍,KOSDAQ,7,9,9,8,"Korea Environment Technology Co., LTD.",기타서비스,Other_Services,0.0002554278416347382,0.6352922517428489,0.0,0.0,-14.198782961460449,1649139555.4251013
038500,삼표시멘트,KOSDAQ,6,9,2,7,"SAMPYO Cement Co., Ltd.",비금속,Non_metal_Products,0.0,0.0,0.0,0.0,-37.76683087027914,4903871309.716599
143240,사람인에이치알,KOSDAQ,9,7,8,8,"SaraminHR Co., Ltd",인터넷,Internet,0.0,0.0,0.0,0.0,-13.630880579010856,1380959611.7408907
104830,원익머트리얼즈,KOSDAQ,8,8,7,7,"WONIK Materials Co., Ltd.",반도체,Semiconductors,0.0,0.0,0.0,0.0,-5.436337625178827,3768852926.11336
268600,셀리버리,KOSDAQ,9,8,6,8,"Cellivery Therapeutics, Inc.",기타서비스,Other_Services,0.0,0.0,0.0,0.0,-77.96208530805687,12725982729.352226
060150,인선이엔티,KOSDAQ,7,7,9,7,INSUN ENVIRONMENTAL NEW TECHNOLOGY CO.,기타서비스,Other_Services,0.0,0.0,0.0,0.0,-35.149253731343286,3596147152.4291496
032190,다우데이타,KOSDAQ,9,7,9,8,DAOU DATA CORP.,유통,Distribution,0.0,0.0,0.0,0.0,-31.93548387096774,1364711435.8299596
104480,티케이케미칼,KOSDAQ,8,7,7,7,TK CHEMICAL CORPORATION,화학,Chemicals,0.0,0.0,0.0,0.0,-46.02272727272727,11614173429.129557
100130,동국S&C,KOSDAQ,7,9,9,8,DONGKUK STRUCTURES & CONSTRUCTION COMPANY LIMITED,금속,Metal_Products,0.0,0.0,0.0,0.0,12.203389830508476,4551244023.461538
061970,엘비세미콘,KOSDAQ,6,8,9,7,"LB SEMICON CO., LTD.",반도체,Semiconductors,0.0017879948914431675,0.06407156623462396,0.3386794611624356,2.617222247654609e-06,-35.11278195488722,5408801162.064777
034950,한국기업평가,KOSDAQ,9,7,5,8,Korea Ratings Corporation,기타서비스,Other_Services,0.0,0.0,0.0,0.0,-15.795454545454549,154178032.38866398
078130,국일제지,KOSDAQ,5,8,6,7,"KUK-IL PAPER MFG CO.,LTD",종이·목재,Paper_Wood_Products,0.0,0.0,0.0,0.0,-54.59363957597173,4551008410.283401
088800,에이스테크,KOSDAQ,9,9,7,9,Ace Technologies Corp.,통신장비,Telecom_Broadcasting_Equipment,0.0,0.0,0.0,0.0,-60.21621621621621,5739533998.461538
078070,유비쿼스홀딩스,KOSDAQ,9,8,3,8,Ubiquoss Holdings Inc.,금융,Financials,0.0,0.0,0.0,0.0,-16.25615763546798,791635946.5587045
048530,인트론바이오,KOSDAQ,7,9,6,8,"iNtRON Biotechnology, Inc.",제약,Pharmaceuticals,0.0,0.0,0.0,0.0,-64.08,6693992154.089068
078160,메디포스트,KOSDAQ,9,8,4,8,"MEDIPOST CO., LTD.",제약,Pharmaceuticals,0.0,0.0,0.0,0.0,-36.29032258064516,3040767552.0242915
030530,원익홀딩스,KOSDAQ,7,8,8,8,"WONIK HOLDINGS CO.,LTD.",기계·장비,Machinery,0.0,0.0,0.0,0.0,-41.60475482912333,1704990728.744939
051370,인터플렉스,KOSDAQ,6,9,7,7,"INTERFLEX CO., LTD.",IT부품,IT_Components,0.0001277139208173691,0.10017473515178449,0.3723504307716076,5.2652353452816255e-06,-7.971014492753622,4126286763.157895
083790,크리스탈지노믹스,KOSDAQ,9,7,6,8,CrystalGenomics,기타서비스,Other_Services,0.0,0.0,0.0,0.0,-46.55612244897959,4641328558.805668
042000,카페24,KOSDAQ,9,7,3,8,Cafe24 Corp.,인터넷,Internet,0.003575989782886335,0.028345718200271878,0.38654059771248267,7.836271317977622e-06,-58.043117744610285,10175307252.631578
108230,톱텍,KOSDAQ,9,8,4,8,"TOPTEC COMPANY,LIMITED",기계·장비,Machinery,0.0,0.0,0.0,0.0,-41.84738955823293,1729839157.0850203
194700,노바렉스,KOSDAQ,9,9,3,8,"NOVAREX Co., Ltd.",음식료·담배,Food_Beverage_Tobacco,0.0,0.0,0.0,0.0,-30.829900972745595,1484405866.3927126
237880,클리오,KOSDAQ,9,7,5,8,"CLIO Cosmetics Co., Ltd",화학,Chemicals,0.0,0.0,0.0,0.0,-39.56692913385827,2967339648.9878545
265520,AP시스템,KOSDAQ,9,9,9,9,Advanced Process Systems Corporation,반도체,Semiconductors,0.0005108556832694764,0.06407156623462396,0.3386794611624356,0.0,-45.38216560509554,3479043249.3927126
082920,비츠로셀,KOSDAQ,6,7,6,7,"VITZROCELL Co., Ltd.",IT부품,IT_Components,0.0,0.0,0.0,0.0,-27.1875,1242534830.7692308
036030,케이티알파,KOSDAQ,7,5,2,5,kt alpha,유통,Distribution,0.0,0.0,0.0,0.0,-55.47826086956522,2749844971.7813764
023760,한국캐피탈,KOSDAQ,9,9,6,9,"Han Kook Capital Co., Ltd.",금융,Financials,0.0001277139208173691,0.6352922517428489,0.0,0.0,-22.673267326732677,267042243.5222672
122990,와이솔,KOSDAQ,9,7,8,8,"WiSoL CO., LTD.",반도체,Semiconductors,0.0,0.0,0.0,0.0,-30.352941176470587,1575466687.0040486
052020,에스티큐브,KOSDAQ,9,8,8,9,STCUBE,IT부품,IT_Components,0.0,0.0,0.0,0.0,-31.41729369680523,1494955837.5668015
138080,오이솔루션,KOSDAQ,9,8,4,8,"OE Solutions Co., Ltd.",통신장비,Telecom_Broadcasting_Equipment,0.0,0.0,0.0,0.0,-48.31460674157304,1860976513.562753
089600,나스미디어,KOSDAQ,8,6,2,6,"Nasmedia Co., Ltd.",기타서비스,Other_Services,0.0,0.0,0.0,0.0,-39.325842696629216,1083608089.319838
044340,위닉스,KOSDAQ,7,9,6,8,WINIX INC.,일반전기전자,Electric_Electronics,0.0,0.0,0.0,0.0,-41.44736842105263,1292466987.4493928
094480,갤럭시아머니트리,KOSDAQ,9,8,5,8,"GalaxiaMoneytree Co.,Ltd.",소프트웨어,Software,0.002171136653895275,0.0076792850501601105,0.02741359923548918,3.463970621895806e-07,-15.03448275862069,21602548058.34008
067280,멀티캠퍼스,KOSDAQ,9,7,5,8,Multicampus Corporation,디지털컨텐츠,Digital_Contents,0.0,0.0,0.0,0.0,1.0309278350515465,835997483.1983806
045390,대아티아이,KOSDAQ,7,9,6,8,"DAEA TI CO., LTD.",일반전기전자,Electric_Electronics,0.0006385696040868455,0.5008736757589224,0.255990920379841,2.6172222476546093e-07,-48.5133020344288,10565420737.854252
192440,슈피겐코리아,KOSDAQ,9,9,3,8,"Spigen Korea Co., Ltd",IT부품,IT_Components,0.0,0.0,0.0,0.0,-35.83916083916084,1016161928.5425102
131370,알서포트,KOSDAQ,9,8,6,8,"RSUPPORT Co., Ltd.",디지털컨텐츠,Digital_Contents,0.0007662835249042147,0.03632906043970215,0.176897584472937,4.811177220862134e-05,-51.40607424071991,12929815239.392712
183490,엔지켐생명과학,KOSDAQ,9,9,7,9,ENZYCHEM LIFESCIENCES CORPORATION,제약,Pharmaceuticals,0.0,0.0,0.0,0.0,-82.09522539343826,6385434556.793522
053300,한국정보인증,KOSDAQ,9,7,7,8,"KOREA INFORMATION CERTIFICATE AUTHORITY, INCORPORATED",소프트웨어,Software,0.0,0.0,0.0,0.0,-36.06755126658625,1657489285.4251013
043610,지니뮤직,KOSDAQ,9,6,2,7,GENIE MUSIC CORPORATION,디지털컨텐츠,Digital_Contents,0.0,0.0,0.0,0.0,-43.99109792284867,4142947774.979757
239610,에이치엘사이언스,KOSDAQ,9,8,4,8,"HLSCIENCE Co., LTD",음식료·담배,Food_Beverage_Tobacco,0.00715197956577267,0.012748924369384322,0.011938135386316608,1.2955250125890315e-05,-5.541237113402062,296798902.4291498
052260,현대바이오랜드,KOSDAQ,4,4,1,4,"HYUNDAI BIOLAND Co.,Ltd.",화학,Chemicals,0.040740740740740744,0.0,0.26160308488698997,8.899724578521603e-06,-47.56637168141593,776291136.0323887
054050,농우바이오,KOSDAQ,9,8,4,8,"NONG WOO BIO CO.,LTD.","농업, 임업 및 어업",Agriculture_Forestry_Fishing,0.0014048531289910602,0.028345718200271878,0.0,0.0,-23.04832713754647,1411584954.5344129
092730,네오팜,KOSDAQ,9,9,4,8,"Neopharm CO., LTD.",화학,Chemicals,0.0,0.0,0.0,0.0,-41.3447782546495,772045844.534413
041440,현대에버다임,KOSDAQ,5,3,1,4,HYUNDAI EVERDIGM,기계·장비,Machinery,0.0,0.0,0.0,0.0,35.75498575498576,11005805841.214577
216050,인크로스,KOSDAQ,9,9,6,8,"Incross Co.,Ltd.",기타서비스,Other_Services,0.0005108556832694764,0.6352922517428489,0.0,2.0529799219102475e-05,-46.3229078613694,755080861.0242915
200230,텔콘RF제약,KOSDAQ,8,9,9,8,TELCON RF PHARMACEUTICAL. Inc.,통신장비,Telecom_Broadcasting_Equipment,0.0,0.0,0.0,0.0,-67.48878923766816,2189496566.45749
021320,KCC건설,KOSDAQ,9,8,7,8,"KCC ENGINEERING & CONSTRUCTION CO., LTD.",건설,Construction,0.0,0.0,0.0,0.0,-33.459715639810426,957338187.2469636
263050,유틸렉스,KOSDAQ,9,8,6,8,"Eutilex Co., Ltd.",제약,Pharmaceuticals,0.0,0.0,0.0,0.0,-71.09244547892526,3075321231.445344
036560,영풍정밀,KOSDAQ,9,9,5,8,YOUNG POONG PRECISION CORPORATION,기계·장비,Machinery,0.0,0.0,0.0,0.0,-22.589285714285715,2380246789.3927126
046140,SBS콘텐츠허브,KOSDAQ,9,8,7,8,"SBS Contents Hub Co.,Ltd.",오락·문화,Recreation_Culture,0.0,0.0,0.0,0.0,-30.98751418842225,473992130.8906882
039860,나노엔텍,KOSDAQ,9,9,8,9,"NanoenTek,Inc.",의료·정밀기기,Medical_Precision_Machines,0.0,0.0,0.0,0.0,-44.74576271186441,6119217114.230769
056700,신화인터텍,KOSDAQ,6,8,7,7,SHINWHA INTERTEK CORP.,IT부품,IT_Components,0.0,0.0,0.0,0.0,1.6602809706257982,2887786492.672065
007820,에스엠코어,KOSDAQ,9,9,7,9,SMCore.Inc,기계·장비,Machinery,0.0019157088122605365,0.026574110673697783,0.38654059771248267,4.272230433671494e-06,-20.561941251596423,1973512397.6518216
016250,SGC이테크건설,KOSDAQ,9,9,5,8,"SGC eTEC E&C Co., Ltd.",건설,Construction,0.0,0.0,0.0,0.0,-22.41582935116376,753539927.319838
016600,큐캐피탈,KOSDAQ,9,9,9,9,"Q Capital Partners Co., Ltd.",금융,Financials,0.0,0.0,0.0,0.0,-9.921259842519683,5691138904.704453
021880,메이슨캐피탈,KOSDAQ,9,9,9,9,MASON CAPITAL CORPORATION,금융,Financials,0.0007662835249042147,0.18283212988828798,0.0,0.0,-8.739255014326648,4879519908.238867
036670,KCI,KOSDAQ,9,8,8,8,KCI Limited,화학,Chemicals,0.00038314176245210735,0.05290803746789313,0.056706139982447064,1.5241470736341546e-06,-17.87878787878788,315281409.6356275
293580,나우IB,KOSDAQ,9,8,9,9,NAU IB Capital,금융,Financials,0.0,0.0,0.0,0.0,-38.12734082397004,528708068.5425101
010470,오리콤,KOSDAQ,9,7,4,8,ORICOM Inc.,기타서비스,Other_Services,0.0,0.0,0.0,0.0,-45.04424778761062,2913192031.0526314
190650,코리아에셋투자증권,KOSDAQ,9,6,9,8,"KOREA ASSET INVESTMENT SECURITIES CO.,LTD.",금융,Financials,0.0,0.0,0.0,0.0,-23.715415019762844,3256841718.704453
019570,리더스 기술투자,KOSDAQ,9,9,9,9,"Leaders Technology Investment Co.,Ltd",금융,Financials,0.0,0.0,0.0,0.0,-62.70742358078603,1964622844.890688
